/* =====================================================================
   BASE DE DATOS: URBAN WHEELS LTDA.
   ASIGNATURA: BDY1102 - BASE DE DATOS APLICADA II
   ===================================================================== */

/* BORRADO DE LAS TABLAS */
DROP TABLE ARRIENDO_VEHICULO CASCADE CONSTRAINTS;
DROP TABLE VEHICULO_ELECTRICO CASCADE CONSTRAINTS;
DROP TABLE CLIENTE CASCADE CONSTRAINTS;
DROP TABLE REGION CASCADE CONSTRAINTS;
DROP TABLE FABRICANTE CASCADE CONSTRAINTS;
DROP TABLE TIPO_CLIENTE CASCADE CONSTRAINTS;
DROP TABLE TIPO_VEHICULO CASCADE CONSTRAINTS;
DROP TABLE TIPO_SALUD CASCADE CONSTRAINTS;
DROP TABLE EMPLEADO CASCADE CONSTRAINTS;
DROP TABLE ESTADO_CIVIL CASCADE CONSTRAINTS;
DROP TABLE PORC_BONIF_30_ANNOS CASCADE CONSTRAINTS;
DROP TABLE AJUSTE_TARIFA_VEHICULO   CASCADE CONSTRAINTS;
DROP TABLE RESUMEN_ANUAL_VEHICULO   CASCADE CONSTRAINTS;
DROP TABLE PARAM_AJUSTE_DEMANDA     CASCADE CONSTRAINTS;

/* BORRADO DE SECUENCIAS */
DROP SEQUENCE SEQ_REGION;
DROP SEQUENCE SEQ_ESTCIVIL;
DROP SEQUENCE SEQ_FABRICANTE;
DROP SEQUENCE SEQ_ARRIENDO;

/* CREACION DE SECUENCIAS */
CREATE SEQUENCE SEQ_REGION    START WITH 80;
CREATE SEQUENCE SEQ_ESTCIVIL  START WITH 10 INCREMENT BY 10;
CREATE SEQUENCE SEQ_FABRICANTE START WITH 10 INCREMENT BY 10;
CREATE SEQUENCE SEQ_ARRIENDO;

/* ============================
   CREACIÓN DE TABLAS
   ============================ */

CREATE TABLE ARRIENDO_VEHICULO
(id_arriendo        NUMBER(7)    NOT NULL CONSTRAINT PK_ARRIENDO_VEHICULO PRIMARY KEY,
 cod_vehiculo       VARCHAR2(8)  NOT NULL,
 numrun_cli         NUMBER(10)   NOT NULL,
 fecha_ini_arriendo DATE         NOT NULL,
 dias_solicitados   NUMBER(6),
 fecha_devolucion   DATE);


CREATE TABLE TIPO_SALUD
(id_tipo_sal  VARCHAR2(3)   NOT NULL CONSTRAINT PK_TIPO_SALUD PRIMARY KEY,
 descripcion  VARCHAR2(100) NOT NULL,
 pct_sueldo   NUMBER(3,1)   NOT NULL);


CREATE TABLE CLIENTE
(numrun_cli     NUMBER(10)   NOT NULL CONSTRAINT PK_CLIENTE PRIMARY KEY,
 dvrun_cli      VARCHAR2(1)  NOT NULL,
 appaterno_cli  VARCHAR2(30) NOT NULL,
 apmaterno_cli  VARCHAR2(30) NOT NULL,
 pnombre_cli    VARCHAR2(30) NOT NULL,
 snombre_cli    VARCHAR2(30),
 direccion      VARCHAR2(60) NOT NULL,
 celular_cli    NUMBER(15),
 fono_fijo_cli  NUMBER(15),
 renta          NUMBER(7)    NOT NULL,
 fecha_nac_cli  DATE,
 id_region      NUMBER(3),
 id_tipo_cli    VARCHAR2(1)  NOT NULL,
 id_estado_civil NUMBER(2)   NOT NULL);


CREATE TABLE REGION
(id_region      NUMBER(3)    NOT NULL CONSTRAINT PK_REGION PRIMARY KEY,
 nombre_region  VARCHAR2(40) NOT NULL CONSTRAINT UN_REGION_NOMBRE UNIQUE);


CREATE TABLE EMPLEADO
(numrun_emp      NUMBER(10)   NOT NULL CONSTRAINT PK_EMPLEADO PRIMARY KEY,
 dvrun_emp       VARCHAR2(1)  NOT NULL,
 appaterno_emp   VARCHAR2(30) NOT NULL,
 apmaterno_emp   VARCHAR2(30) NOT NULL,
 pnombre_emp     VARCHAR2(25) NOT NULL,
 snombre_emp     VARCHAR2(25),
 direccion_emp   VARCHAR2(60) NOT NULL,
 sexo            CHAR(1)      NOT NULL CONSTRAINT CHK_SEXO CHECK (sexo IN ('F','M')),
 celular_emp     NUMBER(15),
 fono_fijo_emp   NUMBER(15),
 fecha_nac       DATE         NOT NULL,
 fecha_contrato  DATE         NOT NULL,
 sueldo_base     NUMBER(7)    NOT NULL,
 id_region       NUMBER(3),
 id_tipo_sal     VARCHAR2(3)  NOT NULL,
 id_estado_civil NUMBER(2)    NOT NULL);


CREATE TABLE FABRICANTE
(id_fabricante      NUMBER(2)    NOT NULL CONSTRAINT PK_FABRICANTE PRIMARY KEY,
 nombre_fabricante  VARCHAR2(25) NOT NULL);


CREATE TABLE TIPO_CLIENTE
(id_tipo_cli      VARCHAR2(1)  NOT NULL CONSTRAINT PK_TIPO_CLIENTE PRIMARY KEY,
 nombre_tipo_cli  VARCHAR2(20) NOT NULL);


CREATE TABLE TIPO_VEHICULO
(id_tipo_vehiculo      VARCHAR2(1)  NOT NULL CONSTRAINT PK_TIPO_VEHICULO PRIMARY KEY,
 nombre_tipo_vehiculo  VARCHAR2(40) NOT NULL);


CREATE TABLE VEHICULO_ELECTRICO
(cod_vehiculo       VARCHAR2(8)  NOT NULL CONSTRAINT PK_VEHICULO_ELECTRICO PRIMARY KEY,
 color              VARCHAR2(15) NOT NULL,
 modelo             VARCHAR2(30) NOT NULL,
 autonomia_km       NUMBER(4),
 anio_fab           NUMBER(4),
 valor_arriendo_dia NUMBER(7)    NOT NULL,
 valor_garantia_dia NUMBER(6),
 id_tipo_vehiculo   VARCHAR2(1)  NOT NULL,
 numrun_emp         NUMBER(10),
 id_fabricante      NUMBER(2)    NOT NULL);


CREATE TABLE ESTADO_CIVIL
(id_estado_civil      NUMBER(2)    NOT NULL CONSTRAINT ESTADO_CIVIL_PK PRIMARY KEY,
 nombre_estado_civil  VARCHAR2(25) NOT NULL);


CREATE TABLE PORC_BONIF_30_ANNOS
(sueldo_desde  NUMBER(7,0) NOT NULL,
 sueldo_hasta  NUMBER(7,0) NOT NULL,
 porcentaje    NUMBER(5,2) NOT NULL);



/* ============================
   RESTRICCIONES (FK)
   ============================ */

ALTER TABLE arriendo_vehiculo
    ADD CONSTRAINT fk_arriendo_cliente FOREIGN KEY (numrun_cli)
        REFERENCES cliente (numrun_cli);

ALTER TABLE arriendo_vehiculo
    ADD CONSTRAINT fk_arriendo_vehiculo FOREIGN KEY (cod_vehiculo)
        REFERENCES vehiculo_electrico (cod_vehiculo);

ALTER TABLE cliente
    ADD CONSTRAINT fk_cliente_region FOREIGN KEY (id_region)
        REFERENCES region (id_region);

ALTER TABLE cliente
    ADD CONSTRAINT fk_cliente_tipocliente FOREIGN KEY (id_tipo_cli)
        REFERENCES tipo_cliente (id_tipo_cli);

ALTER TABLE cliente
    ADD CONSTRAINT fk_cliente_estado_civil FOREIGN KEY (id_estado_civil)
        REFERENCES estado_civil (id_estado_civil);

ALTER TABLE empleado
    ADD CONSTRAINT fk_empleado_region FOREIGN KEY (id_region)
        REFERENCES region (id_region);

ALTER TABLE empleado
    ADD CONSTRAINT fk_empleado_estado_civil FOREIGN KEY (id_estado_civil)
        REFERENCES estado_civil (id_estado_civil);

ALTER TABLE empleado
    ADD CONSTRAINT fk_empleado_tipo_salud FOREIGN KEY (id_tipo_sal)
        REFERENCES tipo_salud (id_tipo_sal);

ALTER TABLE vehiculo_electrico
    ADD CONSTRAINT fk_vehiculo_empleado FOREIGN KEY (numrun_emp)
        REFERENCES empleado (numrun_emp);

ALTER TABLE vehiculo_electrico
    ADD CONSTRAINT fk_vehiculo_fabricante FOREIGN KEY (id_fabricante)
        REFERENCES fabricante (id_fabricante);

ALTER TABLE vehiculo_electrico
    ADD CONSTRAINT fk_vehiculo_tipo FOREIGN KEY (id_tipo_vehiculo)
        REFERENCES tipo_vehiculo (id_tipo_vehiculo);


/* ============================
   INSERCIÓN DE DATOS
   ============================ */

/* TIPO_SALUD */
INSERT INTO TIPO_SALUD VALUES ('F',  'Fonasa',      7.0);
INSERT INTO TIPO_SALUD VALUES ('I',  'Isapre',      8.0);
INSERT INTO TIPO_SALUD VALUES ('P',  'Particular',  0.0);

/* ESTADO_CIVIL */
INSERT INTO ESTADO_CIVIL VALUES (10, 'Soltero');
INSERT INTO ESTADO_CIVIL VALUES (20, 'Casado');
INSERT INTO ESTADO_CIVIL VALUES (30, 'Divorciado');
INSERT INTO ESTADO_CIVIL VALUES (40, 'Viudo');
INSERT INTO ESTADO_CIVIL VALUES (50, 'Conviviente');
INSERT INTO ESTADO_CIVIL VALUES (60, 'Separado');

/* TIPO_CLIENTE */
INSERT INTO TIPO_CLIENTE VALUES ('S', 'Socio');
INSERT INTO TIPO_CLIENTE VALUES ('P', 'Premium');
INSERT INTO TIPO_CLIENTE VALUES ('N', 'Nacional');
INSERT INTO TIPO_CLIENTE VALUES ('E', 'Extranjero');

/* TIPO_VEHICULO */
INSERT INTO TIPO_VEHICULO VALUES ('B', 'Bicicleta Eléctrica');
INSERT INTO TIPO_VEHICULO VALUES ('S', 'Scooter Eléctrico');
INSERT INTO TIPO_VEHICULO VALUES ('P', 'Patín Eléctrico');
INSERT INTO TIPO_VEHICULO VALUES ('U', 'Bicicleta Urbana');
INSERT INTO TIPO_VEHICULO VALUES ('T', 'Triciclo Eléctrico');

/* REGION */
INSERT INTO REGION VALUES (SEQ_REGION.NEXTVAL, 'Región de Valparaíso');
INSERT INTO REGION VALUES (SEQ_REGION.NEXTVAL, 'Región Metropolitana');
INSERT INTO REGION VALUES (SEQ_REGION.NEXTVAL, 'Región del Bío-Bío');
INSERT INTO REGION VALUES (SEQ_REGION.NEXTVAL, 'Región de Los Lagos');
INSERT INTO REGION VALUES (SEQ_REGION.NEXTVAL, 'Región de La Araucanía');

/* FABRICANTE */
INSERT INTO FABRICANTE VALUES (SEQ_FABRICANTE.NEXTVAL, 'Trek');
INSERT INTO FABRICANTE VALUES (SEQ_FABRICANTE.NEXTVAL, 'Xiaomi');
INSERT INTO FABRICANTE VALUES (SEQ_FABRICANTE.NEXTVAL, 'Segway');
INSERT INTO FABRICANTE VALUES (SEQ_FABRICANTE.NEXTVAL, 'Decathlon');
INSERT INTO FABRICANTE VALUES (SEQ_FABRICANTE.NEXTVAL, 'Specialized');

/* PORC_BONIF_30_ANNOS */
INSERT INTO PORC_BONIF_30_ANNOS VALUES (0,       799999,   7.00);
INSERT INTO PORC_BONIF_30_ANNOS VALUES (800000,  1799999,  9.00);
INSERT INTO PORC_BONIF_30_ANNOS VALUES (1800000, 2499999,  10.50);
INSERT INTO PORC_BONIF_30_ANNOS VALUES (2500000, 9999999,  12.00);


INSERT INTO EMPLEADO VALUES (9499044, '3', 'Riquelme',   'Castillo',  'Carlos',     'Enrique',  'Calle 1 Santiago',     'M', 987654321, 912345678, TO_DATE('15/08/1970', 'DD/MM/YYYY'), TO_DATE('10/11/1993', 'DD/MM/YYYY'), 1050000, 81, 'F', 20);
INSERT INTO EMPLEADO VALUES (11996940, '6', 'Valenzuela', 'Bravo',     'Lucia',      NULL,       'Calle 2 Santiago',     'F', 987654322, 912345679, TO_DATE('22/03/1975', 'DD/MM/YYYY'), TO_DATE('15/03/1996', 'DD/MM/YYYY'), 1250000, 81, 'I', 10);
INSERT INTO EMPLEADO VALUES (8716085, '9', 'Castillo',   'Morales',   'Roberto',    'Luis',     'Calle 3 Santiago',     'M', 987654323, 912345680, TO_DATE('08/07/1972', 'DD/MM/YYYY'), TO_DATE('12/05/1998', 'DD/MM/YYYY'), 950000, 81, 'F', 30);
INSERT INTO EMPLEADO VALUES (11949670, '1', 'Perez',     'Gonzalez',  'Maria',      'Alejandra','Calle 4 Santiago',     'F', 987654324, 912345681, TO_DATE('30/12/1968', 'DD/MM/YYYY'), TO_DATE('03/02/2000', 'DD/MM/YYYY'), 1100000, 81, 'I', 20);
INSERT INTO EMPLEADO VALUES (12459100, '8', 'Morales',   'Jimenez',   'Rodrigo',    NULL,       'Calle 5 Santiago',     'M', 987654325, 912345682, TO_DATE('14/09/1974', 'DD/MM/YYYY'), TO_DATE('10/03/1996', 'DD/MM/YYYY'), 1480000, 81, 'F', 50);
INSERT INTO EMPLEADO VALUES (8533901, '2', 'Fuentes',   'Ramirez',   'Diego',      'Patricio', 'Calle 6 Santiago',     'M', 987654326, 912345683, TO_DATE('25/11/1971', 'DD/MM/YYYY'), TO_DATE('20/07/2001', 'DD/MM/YYYY'), 920000, 81, 'I', 40);
INSERT INTO EMPLEADO VALUES (11872936, '7', 'Campos',    'Sanchez',   'Fernando',   NULL,       'Calle 7 Santiago',     'M', 987654327, 912345684, TO_DATE('09/04/1973', 'DD/MM/YYYY'), TO_DATE('18/08/2002', 'DD/MM/YYYY'), 1150000, 81, 'F', 10);
INSERT INTO EMPLEADO VALUES (9771046, '5', 'Espinoza',  'Araya',     'Valentina',  'Rosa',     'Calle 8 Santiago',     'F', 987654328, 912345685, TO_DATE('17/06/1976', 'DD/MM/YYYY'), TO_DATE('11/04/2003', 'DD/MM/YYYY'), 990000, 81, 'I', 20);
INSERT INTO EMPLEADO VALUES (11976208, '4', 'Bustos',    'Herrera',   'Gonzalo',    'Alfonso', 'Calle 9 Santiago',     'M', 987654329, 912345686, TO_DATE('03/10/1977', 'DD/MM/YYYY'), TO_DATE('22/09/2004', 'DD/MM/YYYY'), 1200000, 81, 'F', 30);
INSERT INTO EMPLEADO VALUES (10345678, '0', 'Navarro',   'Lagos',     'Pedro',      'Enrique', 'Calle 10 Santiago',    'M', 987654330, 912345687, TO_DATE('19/02/1969', 'DD/MM/YYYY'), TO_DATE('05/06/2005', 'DD/MM/YYYY'), 900000, 81, 'I', 20);
INSERT INTO EMPLEADO VALUES (10987654, 'K', 'Vargas',    'Mendez',    'Ana',        'Beatriz', 'Calle 11 Santiago',    'F', 987654331, 912345688, TO_DATE('27/05/1978', 'DD/MM/YYYY'), TO_DATE('14/11/2008', 'DD/MM/YYYY'), 1350000, 81, 'F', 50);
INSERT INTO EMPLEADO VALUES (12345678, 'J', 'Garcia',    'Lopez',     'Javier',     NULL,      'Calle 12 Santiago',    'M', 987654332, 912345689, TO_DATE('11/08/1980', 'DD/MM/YYYY'), TO_DATE('09/03/2012', 'DD/MM/YYYY'), 850000, 81, 'I', 60);

/* CLIENTE - 20 clientes */
INSERT INTO CLIENTE VALUES (15678901, '5', 'Silva',      'Flores',    'Juan',       'Carlos',   'Avenida Principal 100', 987654500, 223456789, 2500000, TO_DATE('12/05/1985', 'DD/MM/YYYY'), 81, 'S', 20);
INSERT INTO CLIENTE VALUES (16234567, '8', 'Peña',       'Gutierrez', 'Patricia',   NULL,       'Avenida Principal 200', 987654501, 223456790, 3200000, TO_DATE('25/07/1980', 'DD/MM/YYYY'), 81, 'P', 10);
INSERT INTO CLIENTE VALUES (17345678, '2', 'Ortiz',      'Rivera',    'Miguel',     'Andres',   'Avenida Principal 300', 987654502, 223456791, 1800000, TO_DATE('08/03/1990', 'DD/MM/YYYY'), 81, 'N', 30);
INSERT INTO CLIENTE VALUES (18456789, '9', 'Flores',     'Romero',    'Andrea',     'Lorena',   'Avenida Principal 400', 987654503, 223456792, 4100000, TO_DATE('14/11/1988', 'DD/MM/YYYY'), 81, 'P', 20);
INSERT INTO CLIENTE VALUES (19567890, '1', 'Rosales',    'Guzman',    'Eduardo',    NULL,       'Avenida Principal 500', 987654504, 223456793, 2000000, TO_DATE('30/01/1992', 'DD/MM/YYYY'), 81, 'S', 40);
INSERT INTO CLIENTE VALUES (20678901, '4', 'Molina',     'Parra',     'Claudia',    'Isabel',   'Avenida Principal 600', 987654505, 223456794, 3500000, TO_DATE('19/06/1987', 'DD/MM/YYYY'), 81, 'N', 10);
INSERT INTO CLIENTE VALUES (21789012, '7', 'Vega',       'Soto',      'Ricardo',    'Francisco','Avenida Principal 700', 987654506, 223456795, 2800000, TO_DATE('07/09/1989', 'DD/MM/YYYY'), 81, 'P', 50);
INSERT INTO CLIENTE VALUES (22890123, '3', 'Ibañez',     'Campos',    'Mariana',    NULL,       'Avenida Principal 800', 987654507, 223456796, 1600000, TO_DATE('22/04/1994', 'DD/MM/YYYY'), 81, 'E', 30);
INSERT INTO CLIENTE VALUES (23901234, '6', 'Ruiz',       'Herrera',   'Gonzalo',    'Patricio', 'Avenida Principal 900', 987654508, 223456797, 2200000, TO_DATE('13/12/1991', 'DD/MM/YYYY'), 81, 'S', 20);
INSERT INTO CLIENTE VALUES (24012345, '0', 'Diaz',       'Moreno',    'Violeta',    'Carmen',   'Avenida Secundaria 100', 987654509, 223456798, 3800000, TO_DATE('28/08/1986', 'DD/MM/YYYY'), 81, 'P', 10);
INSERT INTO CLIENTE VALUES (25123456, 'X', 'Espinosa',   'Jimenez',   'Oscar',      NULL,       'Avenida Secundaria 200', 987654510, 223456799, 1900000, TO_DATE('05/02/1993', 'DD/MM/YYYY'), 81, 'N', 60);
INSERT INTO CLIENTE VALUES (26234567, 'Y', 'Villar',     'Acosta',    'Francisca',  'Raquel',   'Avenida Secundaria 300', 987654511, 223456800, 2900000, TO_DATE('17/07/1984', 'DD/MM/YYYY'), 81, 'P', 20);
INSERT INTO CLIENTE VALUES (27345678, 'Z', 'Cabrera',    'Solis',     'Marcelo',    'Sergio',   'Avenida Secundaria 400', 987654512, 223456801, 3300000, TO_DATE('10/10/1988', 'DD/MM/YYYY'), 81, 'E', 40);
INSERT INTO CLIENTE VALUES (28456789, 'W', 'Medina',     'Cruz',      'Susana',     NULL,       'Avenida Secundaria 500', 987654513, 223456802, 2400000, TO_DATE('23/05/1990', 'DD/MM/YYYY'), 81, 'S', 30);
INSERT INTO CLIENTE VALUES (29567890, 'V', 'Toledo',     'Vargas',    'Victor',     'Hugo',     'Avenida Secundaria 600', 987654514, 223456803, 3600000, TO_DATE('09/11/1987', 'DD/MM/YYYY'), 81, 'N', 50);
INSERT INTO CLIENTE VALUES (30678901, 'U', 'Cifuentes',  'Pastrana',  'Lorenza',    'Gabriela', 'Avenida Secundaria 700', 987654515, 223456804, 2100000, TO_DATE('14/03/1995', 'DD/MM/YYYY'), 81, 'P', 10);
INSERT INTO CLIENTE VALUES (31789012, 'T', 'Paez',       'Aguilera',  'Javier',     NULL,       'Avenida Secundaria 800', 987654516, 223456805, 4000000, TO_DATE('26/08/1989', 'DD/MM/YYYY'), 81, 'E', 20);
INSERT INTO CLIENTE VALUES (32890123, 'S', 'Noguera',    'Olave',     'Roxana',     'Margarita','Avenida Secundaria 900', 987654517, 223456806, 2700000, TO_DATE('31/01/1992', 'DD/MM/YYYY'), 81, 'S', 40);
INSERT INTO CLIENTE VALUES (33901234, 'R', 'Albornoz',   'Valenzuela','Rodrigo',    'Manuel',   'Avenida Terciaria 100', 987654518, 223456807, 1500000, TO_DATE('18/06/1994', 'DD/MM/YYYY'), 81, 'N', 30);
INSERT INTO CLIENTE VALUES (34012345, 'Q', 'Saavedra',   'Gutierrez', 'Ximena',     NULL,       'Avenida Terciaria 200', 987654519, 223456808, 3100000, TO_DATE('12/09/1991', 'DD/MM/YYYY'), 81, 'P', 50);

/* VEHICULO_ELECTRICO */
INSERT INTO VEHICULO_ELECTRICO VALUES ('UW001', 'Rojo',      'Trek FX 3 Hybrid',        80, 2022, 15000, 8000,  'B', 9499044,  10);
INSERT INTO VEHICULO_ELECTRICO VALUES ('UW002', 'Negro',     'Xiaomi Mi 3 Lite',       35, 2023, 18000, 10000, 'S', 11996940, 20);
INSERT INTO VEHICULO_ELECTRICO VALUES ('UW003', 'Azul',      'Segway Ninebot Max',     40, 2023, 22000, 12000, 'S', 8716085,  30);
INSERT INTO VEHICULO_ELECTRICO VALUES ('UW004', 'Verde',     'Decathlon Bike C500',    50, 2022, 25000, 14000, 'B', 11949670, 10);
INSERT INTO VEHICULO_ELECTRICO VALUES ('UW005', 'Blanco',    'Specialized Turbo Levo',100, 2023, 65000, 30000, 'B', 12459100, 40);
INSERT INTO VEHICULO_ELECTRICO VALUES ('UW006', 'Gris',      'Xiaomi Mi 3',            45, 2022, 20000, 11000, 'S', 8533901,  20);
INSERT INTO VEHICULO_ELECTRICO VALUES ('UW007', 'Naranja',   'Segway PT Sport',        40, 2023, 28000, 15000, 'S', 11872936, 20);
INSERT INTO VEHICULO_ELECTRICO VALUES ('UW008', 'Plateado',  'Trek Allant City 7',     60, 2022, 18000, 9000,  'U', 9771046,  10);
INSERT INTO VEHICULO_ELECTRICO VALUES ('UW009', 'Morado',    'Triciclo Decathlon Moma',80, 2023, 35000, 18000, 'T', 11976208, 30);
INSERT INTO VEHICULO_ELECTRICO VALUES ('UW010', 'Amarillo',  'Patín Xiaomi Pro 2',     25, 2022, 12000, 6000,  'P', 10345678, 20);
INSERT INTO VEHICULO_ELECTRICO VALUES ('UW011', 'Rosa',      'Segway Ninebot E25D',    30, 2023, 16000, 8000,  'P', 10987654, 30);
INSERT INTO VEHICULO_ELECTRICO VALUES ('UW012', 'Turquesa',  'Bicicleta Trek Hybrid',  70, 2022, 21000, 11000, 'B', 12345678, 10);


/* Arriendos */
INSERT INTO ARRIENDO_VEHICULO VALUES (SEQ_ARRIENDO.NEXTVAL, 'UW001', 15678901, TO_DATE('15/01/2025', 'DD/MM/YYYY'), 3, TO_DATE('18/01/2025', 'DD/MM/YYYY'));
INSERT INTO ARRIENDO_VEHICULO VALUES (SEQ_ARRIENDO.NEXTVAL, 'UW002', 16234567, TO_DATE('20/01/2025', 'DD/MM/YYYY'), 4, TO_DATE('24/01/2025', 'DD/MM/YYYY'));
INSERT INTO ARRIENDO_VEHICULO VALUES (SEQ_ARRIENDO.NEXTVAL, 'UW003', 17345678, TO_DATE('10/02/2025', 'DD/MM/YYYY'), 2, TO_DATE('12/02/2025', 'DD/MM/YYYY'));
INSERT INTO ARRIENDO_VEHICULO VALUES (SEQ_ARRIENDO.NEXTVAL, 'UW004', 18456789, TO_DATE('25/02/2025', 'DD/MM/YYYY'), 5, TO_DATE('02/03/2025', 'DD/MM/YYYY'));
INSERT INTO ARRIENDO_VEHICULO VALUES (SEQ_ARRIENDO.NEXTVAL, 'UW005', 19567890, TO_DATE('05/03/2025', 'DD/MM/YYYY'), 7, TO_DATE('12/03/2025', 'DD/MM/YYYY'));
INSERT INTO ARRIENDO_VEHICULO VALUES (SEQ_ARRIENDO.NEXTVAL, 'UW006', 20678901, TO_DATE('18/03/2025', 'DD/MM/YYYY'), 3, TO_DATE('21/03/2025', 'DD/MM/YYYY'));
INSERT INTO ARRIENDO_VEHICULO VALUES (SEQ_ARRIENDO.NEXTVAL, 'UW007', 21789012, TO_DATE('01/04/2025', 'DD/MM/YYYY'), 4, TO_DATE('05/04/2025', 'DD/MM/YYYY'));
INSERT INTO ARRIENDO_VEHICULO VALUES (SEQ_ARRIENDO.NEXTVAL, 'UW008', 22890123, TO_DATE('10/04/2025', 'DD/MM/YYYY'), 2, TO_DATE('12/04/2025', 'DD/MM/YYYY'));
INSERT INTO ARRIENDO_VEHICULO VALUES (SEQ_ARRIENDO.NEXTVAL, 'UW009', 23901234, TO_DATE('22/04/2025', 'DD/MM/YYYY'), 6, TO_DATE('28/04/2025', 'DD/MM/YYYY'));
INSERT INTO ARRIENDO_VEHICULO VALUES (SEQ_ARRIENDO.NEXTVAL, 'UW010', 24012345, TO_DATE('05/05/2025', 'DD/MM/YYYY'), 3, TO_DATE('08/05/2025', 'DD/MM/YYYY'));
INSERT INTO ARRIENDO_VEHICULO VALUES (SEQ_ARRIENDO.NEXTVAL, 'UW011', 25123456, TO_DATE('12/05/2025', 'DD/MM/YYYY'), 4, TO_DATE('16/05/2025', 'DD/MM/YYYY'));
INSERT INTO ARRIENDO_VEHICULO VALUES (SEQ_ARRIENDO.NEXTVAL, 'UW012', 26234567, TO_DATE('20/05/2025', 'DD/MM/YYYY'), 2, TO_DATE('22/05/2025', 'DD/MM/YYYY'));
INSERT INTO ARRIENDO_VEHICULO VALUES (SEQ_ARRIENDO.NEXTVAL, 'UW001', 27345678, TO_DATE('28/05/2025', 'DD/MM/YYYY'), 5, TO_DATE('02/06/2025', 'DD/MM/YYYY'));
INSERT INTO ARRIENDO_VEHICULO VALUES (SEQ_ARRIENDO.NEXTVAL, 'UW002', 28456789, TO_DATE('08/06/2025', 'DD/MM/YYYY'), 3, TO_DATE('11/06/2025', 'DD/MM/YYYY'));
INSERT INTO ARRIENDO_VEHICULO VALUES (SEQ_ARRIENDO.NEXTVAL, 'UW003', 29567890, TO_DATE('15/06/2025', 'DD/MM/YYYY'), 4, TO_DATE('19/06/2025', 'DD/MM/YYYY'));
INSERT INTO ARRIENDO_VEHICULO VALUES (SEQ_ARRIENDO.NEXTVAL, 'UW004', 30678901, TO_DATE('22/06/2025', 'DD/MM/YYYY'), 2, TO_DATE('24/06/2025', 'DD/MM/YYYY'));
INSERT INTO ARRIENDO_VEHICULO VALUES (SEQ_ARRIENDO.NEXTVAL, 'UW005', 31789012, TO_DATE('01/07/2025', 'DD/MM/YYYY'), 8, TO_DATE('09/07/2025', 'DD/MM/YYYY'));
INSERT INTO ARRIENDO_VEHICULO VALUES (SEQ_ARRIENDO.NEXTVAL, 'UW006', 32890123, TO_DATE('10/07/2025', 'DD/MM/YYYY'), 3, TO_DATE('13/07/2025', 'DD/MM/YYYY'));
INSERT INTO ARRIENDO_VEHICULO VALUES (SEQ_ARRIENDO.NEXTVAL, 'UW007', 33901234, TO_DATE('18/07/2025', 'DD/MM/YYYY'), 5, TO_DATE('23/07/2025', 'DD/MM/YYYY'));
INSERT INTO ARRIENDO_VEHICULO VALUES (SEQ_ARRIENDO.NEXTVAL, 'UW008', 34012345, TO_DATE('25/07/2025', 'DD/MM/YYYY'), 2, TO_DATE('27/07/2025', 'DD/MM/YYYY'));
INSERT INTO ARRIENDO_VEHICULO VALUES (SEQ_ARRIENDO.NEXTVAL, 'UW009', 15678901, TO_DATE('02/08/2025', 'DD/MM/YYYY'), 6, TO_DATE('08/08/2025', 'DD/MM/YYYY'));
INSERT INTO ARRIENDO_VEHICULO VALUES (SEQ_ARRIENDO.NEXTVAL, 'UW010', 16234567, TO_DATE('10/08/2025', 'DD/MM/YYYY'), 3, TO_DATE('13/08/2025', 'DD/MM/YYYY'));
INSERT INTO ARRIENDO_VEHICULO VALUES (SEQ_ARRIENDO.NEXTVAL, 'UW011', 17345678, TO_DATE('17/08/2025', 'DD/MM/YYYY'), 4, TO_DATE('21/08/2025', 'DD/MM/YYYY'));
INSERT INTO ARRIENDO_VEHICULO VALUES (SEQ_ARRIENDO.NEXTVAL, 'UW012', 18456789, TO_DATE('24/08/2025', 'DD/MM/YYYY'), 2, TO_DATE('26/08/2025', 'DD/MM/YYYY'));
INSERT INTO ARRIENDO_VEHICULO VALUES (SEQ_ARRIENDO.NEXTVAL, 'UW001', 19567890, TO_DATE('01/09/2025', 'DD/MM/YYYY'), 5, TO_DATE('06/09/2025', 'DD/MM/YYYY'));
INSERT INTO ARRIENDO_VEHICULO VALUES (SEQ_ARRIENDO.NEXTVAL, 'UW002', 20678901, TO_DATE('08/09/2025', 'DD/MM/YYYY'), 3, TO_DATE('11/09/2025', 'DD/MM/YYYY'));
INSERT INTO ARRIENDO_VEHICULO VALUES (SEQ_ARRIENDO.NEXTVAL, 'UW003', 21789012, TO_DATE('15/09/2025', 'DD/MM/YYYY'), 4, TO_DATE('19/09/2025', 'DD/MM/YYYY'));
INSERT INTO ARRIENDO_VEHICULO VALUES (SEQ_ARRIENDO.NEXTVAL, 'UW004', 22890123, TO_DATE('22/09/2025', 'DD/MM/YYYY'), 2, TO_DATE('24/09/2025', 'DD/MM/YYYY'));
INSERT INTO ARRIENDO_VEHICULO VALUES (SEQ_ARRIENDO.NEXTVAL, 'UW005', 23901234, TO_DATE('29/09/2025', 'DD/MM/YYYY'), 7, TO_DATE('06/10/2025', 'DD/MM/YYYY'));
INSERT INTO ARRIENDO_VEHICULO VALUES (SEQ_ARRIENDO.NEXTVAL, 'UW006', 24012345, TO_DATE('07/10/2025', 'DD/MM/YYYY'), 3, TO_DATE('10/10/2025', 'DD/MM/YYYY'));
INSERT INTO ARRIENDO_VEHICULO VALUES (SEQ_ARRIENDO.NEXTVAL, 'UW007', 25123456, TO_DATE('14/10/2025', 'DD/MM/YYYY'), 5, TO_DATE('19/10/2025', 'DD/MM/YYYY'));
INSERT INTO ARRIENDO_VEHICULO VALUES (SEQ_ARRIENDO.NEXTVAL, 'UW008', 26234567, TO_DATE('21/10/2025', 'DD/MM/YYYY'), 2, TO_DATE('23/10/2025', 'DD/MM/YYYY'));
INSERT INTO ARRIENDO_VEHICULO VALUES (SEQ_ARRIENDO.NEXTVAL, 'UW009', 27345678, TO_DATE('28/10/2025', 'DD/MM/YYYY'), 6, TO_DATE('03/11/2025', 'DD/MM/YYYY'));
INSERT INTO ARRIENDO_VEHICULO VALUES (SEQ_ARRIENDO.NEXTVAL, 'UW010', 28456789, TO_DATE('05/11/2025', 'DD/MM/YYYY'), 3, TO_DATE('08/11/2025', 'DD/MM/YYYY'));
INSERT INTO ARRIENDO_VEHICULO VALUES (SEQ_ARRIENDO.NEXTVAL, 'UW011', 29567890, TO_DATE('12/11/2025', 'DD/MM/YYYY'), 4, TO_DATE('16/11/2025', 'DD/MM/YYYY'));
INSERT INTO ARRIENDO_VEHICULO VALUES (SEQ_ARRIENDO.NEXTVAL, 'UW012', 30678901, TO_DATE('19/11/2025', 'DD/MM/YYYY'), 2, TO_DATE('21/11/2025', 'DD/MM/YYYY'));
INSERT INTO ARRIENDO_VEHICULO VALUES (SEQ_ARRIENDO.NEXTVAL, 'UW001', 31789012, TO_DATE('26/11/2025', 'DD/MM/YYYY'), 5, TO_DATE('01/12/2025', 'DD/MM/YYYY'));
INSERT INTO ARRIENDO_VEHICULO VALUES (SEQ_ARRIENDO.NEXTVAL, 'UW002', 32890123, TO_DATE('03/12/2025', 'DD/MM/YYYY'), 3, TO_DATE('06/12/2025', 'DD/MM/YYYY'));
INSERT INTO ARRIENDO_VEHICULO VALUES (SEQ_ARRIENDO.NEXTVAL, 'UW003', 33901234, TO_DATE('10/12/2025', 'DD/MM/YYYY'), 4, TO_DATE('14/12/2025', 'DD/MM/YYYY'));
INSERT INTO ARRIENDO_VEHICULO VALUES (SEQ_ARRIENDO.NEXTVAL, 'UW004', 34012345, TO_DATE('17/12/2025', 'DD/MM/YYYY'), 2, TO_DATE('19/12/2025', 'DD/MM/YYYY'));
INSERT INTO ARRIENDO_VEHICULO VALUES (SEQ_ARRIENDO.NEXTVAL, 'UW005', 15678901, TO_DATE('24/12/2025', 'DD/MM/YYYY'), 6, TO_DATE('30/12/2025', 'DD/MM/YYYY'));
INSERT INTO ARRIENDO_VEHICULO VALUES (SEQ_ARRIENDO.NEXTVAL, 'UW001', 16234567, TO_DATE('05/01/2026', 'DD/MM/YYYY'), 3, TO_DATE('08/01/2026', 'DD/MM/YYYY'));
INSERT INTO ARRIENDO_VEHICULO VALUES (SEQ_ARRIENDO.NEXTVAL, 'UW002', 17345678, TO_DATE('12/01/2026', 'DD/MM/YYYY'), 2, TO_DATE('14/01/2026', 'DD/MM/YYYY'));
INSERT INTO ARRIENDO_VEHICULO VALUES (SEQ_ARRIENDO.NEXTVAL, 'UW003', 18456789, TO_DATE('18/01/2026', 'DD/MM/YYYY'), 4, TO_DATE('22/01/2026', 'DD/MM/YYYY'));
INSERT INTO ARRIENDO_VEHICULO VALUES (SEQ_ARRIENDO.NEXTVAL, 'UW004', 19567890, TO_DATE('25/01/2026', 'DD/MM/YYYY'), 5, TO_DATE('30/01/2026', 'DD/MM/YYYY'));
INSERT INTO ARRIENDO_VEHICULO VALUES (SEQ_ARRIENDO.NEXTVAL, 'UW005', 20678901, TO_DATE('02/01/2026', 'DD/MM/YYYY'), 7, TO_DATE('09/01/2026', 'DD/MM/YYYY'));
INSERT INTO ARRIENDO_VEHICULO VALUES (SEQ_ARRIENDO.NEXTVAL, 'UW006', 21789012, TO_DATE('08/01/2026', 'DD/MM/YYYY'), 3, TO_DATE('11/01/2026', 'DD/MM/YYYY'));
INSERT INTO ARRIENDO_VEHICULO VALUES (SEQ_ARRIENDO.NEXTVAL, 'UW007', 22890123, TO_DATE('15/01/2026', 'DD/MM/YYYY'), 4, TO_DATE('19/01/2026', 'DD/MM/YYYY'));
INSERT INTO ARRIENDO_VEHICULO VALUES (SEQ_ARRIENDO.NEXTVAL, 'UW008', 23901234, TO_DATE('20/01/2026', 'DD/MM/YYYY'), 2, TO_DATE('22/01/2026', 'DD/MM/YYYY'));
INSERT INTO ARRIENDO_VEHICULO VALUES (SEQ_ARRIENDO.NEXTVAL, 'UW009', 24012345, TO_DATE('28/01/2026', 'DD/MM/YYYY'), 6, TO_DATE('03/02/2026', 'DD/MM/YYYY'));
INSERT INTO ARRIENDO_VEHICULO VALUES (SEQ_ARRIENDO.NEXTVAL, 'UW010', 25123456, TO_DATE('02/02/2026', 'DD/MM/YYYY'), 3, TO_DATE('05/02/2026', 'DD/MM/YYYY'));
INSERT INTO ARRIENDO_VEHICULO VALUES (SEQ_ARRIENDO.NEXTVAL, 'UW011', 26234567, TO_DATE('10/02/2026', 'DD/MM/YYYY'), 4, TO_DATE('14/02/2026', 'DD/MM/YYYY'));
INSERT INTO ARRIENDO_VEHICULO VALUES (SEQ_ARRIENDO.NEXTVAL, 'UW012', 27345678, TO_DATE('17/02/2026', 'DD/MM/YYYY'), 2, TO_DATE('19/02/2026', 'DD/MM/YYYY'));
INSERT INTO ARRIENDO_VEHICULO VALUES (SEQ_ARRIENDO.NEXTVAL, 'UW001', 28456789, TO_DATE('23/02/2026', 'DD/MM/YYYY'), 5, TO_DATE('28/02/2026', 'DD/MM/YYYY'));
INSERT INTO ARRIENDO_VEHICULO VALUES (SEQ_ARRIENDO.NEXTVAL, 'UW002', 29567890, TO_DATE('05/02/2026', 'DD/MM/YYYY'), 3, TO_DATE('08/02/2026', 'DD/MM/YYYY'));
INSERT INTO ARRIENDO_VEHICULO VALUES (SEQ_ARRIENDO.NEXTVAL, 'UW003', 30678901, TO_DATE('12/02/2026', 'DD/MM/YYYY'), 4, TO_DATE('16/02/2026', 'DD/MM/YYYY'));
INSERT INTO ARRIENDO_VEHICULO VALUES (SEQ_ARRIENDO.NEXTVAL, 'UW004', 31789012, TO_DATE('19/02/2026', 'DD/MM/YYYY'), 2, TO_DATE('21/02/2026', 'DD/MM/YYYY'));
INSERT INTO ARRIENDO_VEHICULO VALUES (SEQ_ARRIENDO.NEXTVAL, 'UW005', 32890123, TO_DATE('24/02/2026', 'DD/MM/YYYY'), 6, TO_DATE('02/03/2026', 'DD/MM/YYYY'));
INSERT INTO ARRIENDO_VEHICULO VALUES (SEQ_ARRIENDO.NEXTVAL, 'UW001', 33901234, TO_DATE('01/03/2026', 'DD/MM/YYYY'), 3, TO_DATE('04/03/2026', 'DD/MM/YYYY'));
INSERT INTO ARRIENDO_VEHICULO VALUES (SEQ_ARRIENDO.NEXTVAL, 'UW002', 34012345, TO_DATE('05/03/2026', 'DD/MM/YYYY'), 4, TO_DATE('09/03/2026', 'DD/MM/YYYY'));
INSERT INTO ARRIENDO_VEHICULO VALUES (SEQ_ARRIENDO.NEXTVAL, 'UW003', 15678901, TO_DATE('10/03/2026', 'DD/MM/YYYY'), 2, TO_DATE('12/03/2026', 'DD/MM/YYYY'));
INSERT INTO ARRIENDO_VEHICULO VALUES (SEQ_ARRIENDO.NEXTVAL, 'UW004', 16234567, TO_DATE('15/03/2026', 'DD/MM/YYYY'), 5, TO_DATE('20/03/2026', 'DD/MM/YYYY'));
INSERT INTO ARRIENDO_VEHICULO VALUES (SEQ_ARRIENDO.NEXTVAL, 'UW005', 17345678, TO_DATE('08/03/2026', 'DD/MM/YYYY'), 7, TO_DATE('15/03/2026', 'DD/MM/YYYY'));
INSERT INTO ARRIENDO_VEHICULO VALUES (SEQ_ARRIENDO.NEXTVAL, 'UW006', 18456789, TO_DATE('18/03/2026', 'DD/MM/YYYY'), 3, TO_DATE('21/03/2026', 'DD/MM/YYYY'));
INSERT INTO ARRIENDO_VEHICULO VALUES (SEQ_ARRIENDO.NEXTVAL, 'UW007', 19567890, TO_DATE('03/03/2026', 'DD/MM/YYYY'), 4, TO_DATE('07/03/2026', 'DD/MM/YYYY'));
INSERT INTO ARRIENDO_VEHICULO VALUES (SEQ_ARRIENDO.NEXTVAL, 'UW008', 20678901, TO_DATE('22/03/2026', 'DD/MM/YYYY'), 2, TO_DATE('24/03/2026', 'DD/MM/YYYY'));
INSERT INTO ARRIENDO_VEHICULO VALUES (SEQ_ARRIENDO.NEXTVAL, 'UW009', 21789012, TO_DATE('12/03/2026', 'DD/MM/YYYY'), 6, TO_DATE('18/03/2026', 'DD/MM/YYYY'));
INSERT INTO ARRIENDO_VEHICULO VALUES (SEQ_ARRIENDO.NEXTVAL, 'UW011', 22890123, TO_DATE('25/03/2026', 'DD/MM/YYYY'), 3, TO_DATE('28/03/2026', 'DD/MM/YYYY'));
INSERT INTO ARRIENDO_VEHICULO VALUES (SEQ_ARRIENDO.NEXTVAL, 'UW012', 23901234, TO_DATE('20/03/2026', 'DD/MM/YYYY'), 4, TO_DATE('24/03/2026', 'DD/MM/YYYY'));
INSERT INTO ARRIENDO_VEHICULO VALUES (SEQ_ARRIENDO.NEXTVAL, 'UW001', 24012345, TO_DATE('27/03/2026', 'DD/MM/YYYY'), 2, TO_DATE('29/03/2026', 'DD/MM/YYYY'));
INSERT INTO ARRIENDO_VEHICULO VALUES (SEQ_ARRIENDO.NEXTVAL, 'UW002', 25123456, TO_DATE('30/03/2026', 'DD/MM/YYYY'), 5, TO_DATE('04/04/2026', 'DD/MM/YYYY'));
INSERT INTO ARRIENDO_VEHICULO VALUES (SEQ_ARRIENDO.NEXTVAL, 'UW006', 26234567, TO_DATE('02/03/2026', 'DD/MM/YYYY'), 2, TO_DATE('04/03/2026', 'DD/MM/YYYY'));
INSERT INTO ARRIENDO_VEHICULO VALUES (SEQ_ARRIENDO.NEXTVAL, 'UW007', 27345678, TO_DATE('11/03/2026', 'DD/MM/YYYY'), 3, TO_DATE('14/03/2026', 'DD/MM/YYYY'));

COMMIT;


/* ---------------------------------------------------------------------
   1) PARAMETROS DE AJUSTE DE TARIFA SEGUN CLASIFICACION DE DEMANDA
   --------------------------------------------------------------------- */
CREATE TABLE PARAM_AJUSTE_DEMANDA
(clasificacion VARCHAR2(15) NOT NULL CONSTRAINT PK_PARAM_AJUSTE PRIMARY KEY,
 porc_ajuste   NUMBER(5,2)  NOT NULL,
 glosa         VARCHAR2(40) NOT NULL);

INSERT INTO PARAM_AJUSTE_DEMANDA VALUES ('Alta',         12.00, 'Subir tarifa por alta demanda');
INSERT INTO PARAM_AJUSTE_DEMANDA VALUES ('Media',         5.00, 'Ajuste moderado al alza');
INSERT INTO PARAM_AJUSTE_DEMANDA VALUES ('Baja',         -8.00, 'Bajar tarifa para estimular demanda');
INSERT INTO PARAM_AJUSTE_DEMANDA VALUES ('Sin Demanda', -15.00, 'Evaluar retiro o promocion');

/* ---------------------------------------------------------------------
   2) NUEVOS CLIENTES  (nombres realistas)
   --------------------------------------------------------------------- */
INSERT INTO CLIENTE VALUES (14233567, '1', 'Fuentealba', 'Carrasco', 'Rodrigo',  'Andres', 'Av. Vicuna Mackenna 2450, Nunoa',   987651210, 223451100, 1850000, TO_DATE('19/03/1987','DD/MM/YYYY'), 82, 'N', 20);
INSERT INTO CLIENTE VALUES (14876234, '9', 'Nancupil',   'Huenul',   'Daniela',  'Paz',    'Calle Lautaro 560, Temuco',         987651211, NULL,      1200000, TO_DATE('07/11/1991','DD/MM/YYYY'), 80, 'N', 10);
INSERT INTO CLIENTE VALUES (14502311, 'K', 'Bravo',      'Sandoval', 'Tomas',    'Ignacio','Av. Irarrazaval 1180, Nunoa',       987651212, 223451101, 2300000, TO_DATE('25/06/1983','DD/MM/YYYY'), 82, 'P', 30);
INSERT INTO CLIENTE VALUES (14655902, '4', 'Reyes',      'Aguirre',  'Constanza','Belen',  'Av. Pedro de Valdivia 890, Providencia', 987651213, NULL, 1650000, TO_DATE('14/09/1990','DD/MM/YYYY'), 82, 'N', 50);

/* ---------------------------------------------------------------------
   3) NUEVOS VEHICULOS
      UW013: recien incorporado, sin arriendos en 2025 (Sin Demanda).
      UW014: baja rotacion en 2025 (demanda Baja).
   --------------------------------------------------------------------- */
INSERT INTO VEHICULO_ELECTRICO VALUES ('UW013', 'Celeste', 'Xiaomi Mi 4 Pro',       55, 2025, 24000, 13000, 'S', 12459100, 20);
INSERT INTO VEHICULO_ELECTRICO VALUES ('UW014', 'Grafito', 'Trek District+ 4',      90, 2024, 30000, 16000, 'U', 9771046,  10);

/* ---------------------------------------------------------------------
   4) ARRIENDOS ADICIONALES DEL ANIO 2025  (datos para el analisis)
      Concentran demanda en UW001, UW002, UW005 y UW009 (Alta) y
      registran baja rotacion en UW014 (Baja).
   --------------------------------------------------------------------- */
INSERT INTO ARRIENDO_VEHICULO VALUES (SEQ_ARRIENDO.NEXTVAL, 'UW001', 14233567, TO_DATE('05/05/2025','DD/MM/YYYY'), 3, TO_DATE('08/05/2025','DD/MM/YYYY'));
INSERT INTO ARRIENDO_VEHICULO VALUES (SEQ_ARRIENDO.NEXTVAL, 'UW001', 18456789, TO_DATE('14/07/2025','DD/MM/YYYY'), 2, TO_DATE('16/07/2025','DD/MM/YYYY'));
INSERT INTO ARRIENDO_VEHICULO VALUES (SEQ_ARRIENDO.NEXTVAL, 'UW001', 21789012, TO_DATE('09/09/2025','DD/MM/YYYY'), 4, TO_DATE('13/09/2025','DD/MM/YYYY'));
INSERT INTO ARRIENDO_VEHICULO VALUES (SEQ_ARRIENDO.NEXTVAL, 'UW002', 14502311, TO_DATE('22/06/2025','DD/MM/YYYY'), 5, TO_DATE('27/06/2025','DD/MM/YYYY'));
INSERT INTO ARRIENDO_VEHICULO VALUES (SEQ_ARRIENDO.NEXTVAL, 'UW002', 19567890, TO_DATE('30/08/2025','DD/MM/YYYY'), 3, TO_DATE('02/09/2025','DD/MM/YYYY'));
INSERT INTO ARRIENDO_VEHICULO VALUES (SEQ_ARRIENDO.NEXTVAL, 'UW005', 14655902, TO_DATE('11/04/2025','DD/MM/YYYY'), 6, TO_DATE('17/04/2025','DD/MM/YYYY'));
INSERT INTO ARRIENDO_VEHICULO VALUES (SEQ_ARRIENDO.NEXTVAL, 'UW005', 22890123, TO_DATE('18/06/2025','DD/MM/YYYY'), 4, TO_DATE('22/06/2025','DD/MM/YYYY'));
INSERT INTO ARRIENDO_VEHICULO VALUES (SEQ_ARRIENDO.NEXTVAL, 'UW005', 24012345, TO_DATE('05/10/2025','DD/MM/YYYY'), 7, TO_DATE('12/10/2025','DD/MM/YYYY'));
INSERT INTO ARRIENDO_VEHICULO VALUES (SEQ_ARRIENDO.NEXTVAL, 'UW005', 28456789, TO_DATE('20/11/2025','DD/MM/YYYY'), 5, TO_DATE('25/11/2025','DD/MM/YYYY'));
INSERT INTO ARRIENDO_VEHICULO VALUES (SEQ_ARRIENDO.NEXTVAL, 'UW009', 14233567, TO_DATE('27/05/2025','DD/MM/YYYY'), 3, TO_DATE('30/05/2025','DD/MM/YYYY'));
INSERT INTO ARRIENDO_VEHICULO VALUES (SEQ_ARRIENDO.NEXTVAL, 'UW009', 23901234, TO_DATE('15/08/2025','DD/MM/YYYY'), 2, TO_DATE('17/08/2025','DD/MM/YYYY'));
INSERT INTO ARRIENDO_VEHICULO VALUES (SEQ_ARRIENDO.NEXTVAL, 'UW009', 30678901, TO_DATE('03/10/2025','DD/MM/YYYY'), 4, TO_DATE('07/10/2025','DD/MM/YYYY'));
INSERT INTO ARRIENDO_VEHICULO VALUES (SEQ_ARRIENDO.NEXTVAL, 'UW014', 14233567, TO_DATE('12/09/2025','DD/MM/YYYY'), 2, TO_DATE('14/09/2025','DD/MM/YYYY'));
INSERT INTO ARRIENDO_VEHICULO VALUES (SEQ_ARRIENDO.NEXTVAL, 'UW014', 31789012, TO_DATE('06/11/2025','DD/MM/YYYY'), 3, TO_DATE('09/11/2025','DD/MM/YYYY'));

/* ---------------------------------------------------------------------
   5) TABLAS DE RESULTADO DE LOS PROCESOS
   --------------------------------------------------------------------- */
CREATE TABLE RESUMEN_ANUAL_VEHICULO
(cod_vehiculo         VARCHAR2(8)  NOT NULL,
 anno_proceso         NUMBER(4)    NOT NULL,
 tipo_vehiculo        VARCHAR2(40) NOT NULL,
 modelo               VARCHAR2(30) NOT NULL,
 cantidad_arriendos   NUMBER(5)    DEFAULT 0,
 total_dias           NUMBER(6)    DEFAULT 0,
 promedio_dias        NUMBER(5)    DEFAULT 0,
 ingreso_arriendo     NUMBER(12)   DEFAULT 0,
 clasificacion_demanda VARCHAR2(15) NOT NULL,
 CONSTRAINT PK_RESUMEN_ANUAL_VEHICULO PRIMARY KEY (cod_vehiculo, anno_proceso));

CREATE TABLE AJUSTE_TARIFA_VEHICULO
(cod_vehiculo          VARCHAR2(8)  NOT NULL,
 anno_proceso          NUMBER(4)    NOT NULL,
 clasificacion_demanda VARCHAR2(15) NOT NULL,
 valor_actual          NUMBER(7)    NOT NULL,
 porc_ajuste           NUMBER(5,2)  NOT NULL,
 valor_propuesto       NUMBER(7)    NOT NULL,
 diferencia            NUMBER(8)    NOT NULL,
 observacion           VARCHAR2(40) NOT NULL,
 CONSTRAINT PK_AJUSTE_TARIFA_VEHICULO PRIMARY KEY (cod_vehiculo, anno_proceso));

COMMIT;
