
/* BORRADO DE LAS TABLAS */
DROP TABLE ARRIENDO_EMBARCACION CASCADE CONSTRAINTS;
DROP TABLE EMBARCACION CASCADE CONSTRAINTS;
DROP TABLE CLIENTE CASCADE CONSTRAINTS;
DROP TABLE REGION CASCADE CONSTRAINTS;
DROP TABLE FABRICANTE CASCADE CONSTRAINTS;
DROP TABLE TIPO_CLIENTE CASCADE CONSTRAINTS;
DROP TABLE TIPO_EMBARCACION CASCADE CONSTRAINTS;
DROP TABLE TIPO_SALUD CASCADE CONSTRAINTS;
DROP TABLE EMPLEADO CASCADE CONSTRAINTS;
DROP TABLE ESTADO_CIVIL CASCADE CONSTRAINTS;
DROP TABLE PORC_BONIF_30_ANNOS CASCADE CONSTRAINTS;

/* BORRADO DE SECUENCIAS */
DROP SEQUENCE SEQ_REGION;
DROP SEQUENCE SEQ_ESTCIVIL;
DROP SEQUENCE SEQ_FABRICANTE;
DROP SEQUENCE SEQ_ARRIENDO;

/* CREACION DE SECUENCIAS */
CREATE SEQUENCE SEQ_REGION    START WITH 80;
CREATE SEQUENCE SEQ_ESTCIVIL  START WITH 10 INCREMENT BY 10;
CREATE SEQUENCE SEQ_FABRICANTE START WITH 10 INCREMENT BY 10;
CREATE SEQUENCE SEQ_ARRIENDO;

/* CREACIÓN DE TABLAS */

CREATE TABLE ARRIENDO_EMBARCACION
(id_arriendo        NUMBER(7)    NOT NULL CONSTRAINT PK_ARRIENDO_EMBARCACION PRIMARY KEY,
 matricula          VARCHAR2(8)  NOT NULL,
 numrun_cli         NUMBER(10)   NOT NULL,
 fecha_ini_arriendo DATE         NOT NULL,
 dias_solicitados   NUMBER(6),
 fecha_devolucion   DATE);


CREATE TABLE TIPO_SALUD
(id_tipo_sal  VARCHAR2(3)   NOT NULL CONSTRAINT PK_TIPO_SALUD PRIMARY KEY,
 descripcion  VARCHAR2(100) NOT NULL,
 pct_sueldo   NUMBER(3,1)   NOT NULL);


CREATE TABLE CLIENTE
(numrun_cli     NUMBER(10)   NOT NULL CONSTRAINT PK_CLIENTE PRIMARY KEY,
 dvrun_cli      VARCHAR2(1)  NOT NULL,
 appaterno_cli  VARCHAR2(30) NOT NULL,
 apmaterno_cli  VARCHAR2(30) NOT NULL,
 pnombre_cli    VARCHAR2(30) NOT NULL,
 snombre_cli    VARCHAR2(30),
 direccion      VARCHAR2(60) NOT NULL,
 celular_cli    NUMBER(15),
 fono_fijo_cli  NUMBER(15),
 renta          NUMBER(7)    NOT NULL,
 fecha_nac_cli  DATE,
 id_region      NUMBER(3),
 id_tipo_cli    VARCHAR2(1)  NOT NULL,
 id_estado_civil NUMBER(2)   NOT NULL);


CREATE TABLE REGION
(id_region      NUMBER(3)    NOT NULL CONSTRAINT PK_REGION PRIMARY KEY,
 nombre_region  VARCHAR2(40) NOT NULL CONSTRAINT UN_REGION_NOMBRE UNIQUE);


CREATE TABLE EMPLEADO
(numrun_emp      NUMBER(10)   NOT NULL CONSTRAINT PK_EMPLEADO PRIMARY KEY,
 dvrun_emp       VARCHAR2(1)  NOT NULL,
 appaterno_emp   VARCHAR2(30) NOT NULL,
 apmaterno_emp   VARCHAR2(30) NOT NULL,
 pnombre_emp     VARCHAR2(25) NOT NULL,
 snombre_emp     VARCHAR2(25),
 direccion_emp   VARCHAR2(60) NOT NULL,
 sexo            CHAR(1)      NOT NULL CONSTRAINT CHK_SEXO CHECK (sexo IN ('F','M')),
 celular_emp     NUMBER(15),
 fono_fijo_emp   NUMBER(15),
 fecha_nac       DATE         NOT NULL,
 fecha_contrato  DATE         NOT NULL,
 sueldo_base     NUMBER(7)    NOT NULL,
 id_region       NUMBER(3),
 id_tipo_sal     VARCHAR2(3)  NOT NULL,
 id_estado_civil NUMBER(2)    NOT NULL);


CREATE TABLE FABRICANTE
(id_fabricante      NUMBER(2)    NOT NULL CONSTRAINT PK_FABRICANTE PRIMARY KEY,
 nombre_fabricante  VARCHAR2(25) NOT NULL);


CREATE TABLE TIPO_CLIENTE
(id_tipo_cli      VARCHAR2(1)  NOT NULL CONSTRAINT PK_TIPO_CLIENTE PRIMARY KEY,
 nombre_tipo_cli  VARCHAR2(20) NOT NULL);


CREATE TABLE TIPO_EMBARCACION
(id_tipo_emb      VARCHAR2(1)  NOT NULL CONSTRAINT PK_TIPO_EMBARCACION PRIMARY KEY,
 nombre_tipo_emb  VARCHAR2(40) NOT NULL);


CREATE TABLE EMBARCACION
(matricula         VARCHAR2(8)  NOT NULL CONSTRAINT PK_EMBARCACION PRIMARY KEY,
 color             VARCHAR2(15) NOT NULL,
 eslora            NUMBER(4,1)  NOT NULL,
 motor             VARCHAR2(10) NOT NULL,
 anio_fab          NUMBER(4),
 valor_arriendo_dia NUMBER(7)   NOT NULL,
 valor_garantia_dia NUMBER(6),
 id_tipo_emb       VARCHAR2(1)  NOT NULL,
 numrun_emp        NUMBER(10),
 id_fabricante     NUMBER(2)    NOT NULL);


CREATE TABLE ESTADO_CIVIL
(id_estado_civil      NUMBER(2)    NOT NULL CONSTRAINT ESTADO_CIVIL_PK PRIMARY KEY,
 nombre_estado_civil  VARCHAR2(25) NOT NULL);


CREATE TABLE PORC_BONIF_30_ANNOS
(sueldo_desde  NUMBER(7,0) NOT NULL,
 sueldo_hasta  NUMBER(7,0) NOT NULL,
 porcentaje    NUMBER(5,2) NOT NULL);



/* RESTRICCIONES (FK) */

ALTER TABLE arriendo_embarcacion
    ADD CONSTRAINT fk_arriendo_cliente FOREIGN KEY (numrun_cli)
        REFERENCES cliente (numrun_cli);

ALTER TABLE arriendo_embarcacion
    ADD CONSTRAINT fk_arriendo_embarcacion FOREIGN KEY (matricula)
        REFERENCES embarcacion (matricula);

ALTER TABLE cliente
    ADD CONSTRAINT fk_cliente_region FOREIGN KEY (id_region)
        REFERENCES region (id_region);

ALTER TABLE cliente
    ADD CONSTRAINT fk_cliente_tipocliente FOREIGN KEY (id_tipo_cli)
        REFERENCES tipo_cliente (id_tipo_cli);

ALTER TABLE cliente
    ADD CONSTRAINT fk_cliente_estado_civil FOREIGN KEY (id_estado_civil)
        REFERENCES estado_civil (id_estado_civil);

ALTER TABLE empleado
    ADD CONSTRAINT fk_empleado_region FOREIGN KEY (id_region)
        REFERENCES region (id_region);

ALTER TABLE empleado
    ADD CONSTRAINT fk_empleado_estado_civil FOREIGN KEY (id_estado_civil)
        REFERENCES estado_civil (id_estado_civil);

ALTER TABLE empleado
    ADD CONSTRAINT fk_empleado_tipo_salud FOREIGN KEY (id_tipo_sal)
        REFERENCES tipo_salud (id_tipo_sal);

ALTER TABLE embarcacion
    ADD CONSTRAINT fk_embarcacion_empleado FOREIGN KEY (numrun_emp)
        REFERENCES empleado (numrun_emp);

ALTER TABLE embarcacion
    ADD CONSTRAINT fk_embarcacion_fabricante FOREIGN KEY (id_fabricante)
        REFERENCES fabricante (id_fabricante);

ALTER TABLE embarcacion
    ADD CONSTRAINT fk_embarcacion_tipo FOREIGN KEY (id_tipo_emb)
        REFERENCES tipo_embarcacion (id_tipo_emb);


/* INSERCIÓN DE DATOS */

/* TIPO_SALUD */
INSERT INTO TIPO_SALUD VALUES ('F',  'Fonasa',      7.0);
INSERT INTO TIPO_SALUD VALUES ('I',  'Isapre',      8.0);
INSERT INTO TIPO_SALUD VALUES ('SO', 'SOS Medico',  9.5);

/* ESTADO_CIVIL */
INSERT INTO ESTADO_CIVIL VALUES (10, 'Soltero');
INSERT INTO ESTADO_CIVIL VALUES (20, 'Casado');
INSERT INTO ESTADO_CIVIL VALUES (30, 'Divorciado');
INSERT INTO ESTADO_CIVIL VALUES (40, 'Viudo');
INSERT INTO ESTADO_CIVIL VALUES (50, 'Conviviente');
INSERT INTO ESTADO_CIVIL VALUES (60, 'Separado');

/* REGION */
INSERT INTO REGION VALUES (1,  'Valparaiso');
INSERT INTO REGION VALUES (2,  'Metropolitana');
INSERT INTO REGION VALUES (3,  'Los Lagos');
INSERT INTO REGION VALUES (4,  'Biobio');
INSERT INTO REGION VALUES (5,  'La Araucania');
INSERT INTO REGION VALUES (6,  'Antofagasta');

/* TIPO_CLIENTE */
INSERT INTO TIPO_CLIENTE VALUES ('S', 'Socio');
INSERT INTO TIPO_CLIENTE VALUES ('P', 'Premium');
INSERT INTO TIPO_CLIENTE VALUES ('N', 'Nacional');
INSERT INTO TIPO_CLIENTE VALUES ('E', 'Extranjero');

/* TIPO_EMBARCACION */
INSERT INTO TIPO_EMBARCACION VALUES ('L', 'Lancha Deportiva');
INSERT INTO TIPO_EMBARCACION VALUES ('V', 'Velero');
INSERT INTO TIPO_EMBARCACION VALUES ('Y', 'Yate');
INSERT INTO TIPO_EMBARCACION VALUES ('M', 'Moto Acuatica');
INSERT INTO TIPO_EMBARCACION VALUES ('K', 'Catamarán');

/* FABRICANTE */
INSERT INTO FABRICANTE VALUES (SEQ_FABRICANTE.NEXTVAL, 'Bayliner');
INSERT INTO FABRICANTE VALUES (SEQ_FABRICANTE.NEXTVAL, 'Sea Ray');
INSERT INTO FABRICANTE VALUES (SEQ_FABRICANTE.NEXTVAL, 'Yamaha');
INSERT INTO FABRICANTE VALUES (SEQ_FABRICANTE.NEXTVAL, 'Sunseeker');
INSERT INTO FABRICANTE VALUES (SEQ_FABRICANTE.NEXTVAL, 'Jeanneau');

/* PORC_BONIF_30_ANNOS */
INSERT INTO PORC_BONIF_30_ANNOS VALUES (0,       899999,  8.00);
INSERT INTO PORC_BONIF_30_ANNOS VALUES (900000,  1499999, 10.00);
INSERT INTO PORC_BONIF_30_ANNOS VALUES (1500000, 2299999, 12.50);
INSERT INTO PORC_BONIF_30_ANNOS VALUES (2300000, 9999999, 15.00);

/* EMPLEADO */
INSERT INTO EMPLEADO VALUES (8533901, 'K', 'Fuentes',    'Carrera',   'Carlos',    'Alberto', 'Av. España 1021, Viña del Mar',   'M', 965234701, 322314501, TO_DATE('15/04/1968','DD/MM/YYYY'), TO_DATE('03/04/1993','DD/MM/YYYY'), 980000,  1, 'F',  20);
INSERT INTO EMPLEADO VALUES (9499044, '1', 'Riquelme',   'Soto',      'Javier',    NULL,      'Calle Blanco 432, Valparaiso',     'M', 987654321, 322115432, TO_DATE('22/07/1965','DD/MM/YYYY'), TO_DATE('15/05/1993','DD/MM/YYYY'), 1120000, 1, 'I',  10);
INSERT INTO EMPLEADO VALUES (8716085, '4', 'Castillo',   'Alarcon',   'Rosa',      'Elena',   'Av. Argentina 876, Valparaiso',    'F', 956789012, 322456123, TO_DATE('10/09/1960','DD/MM/YYYY'), TO_DATE('01/04/1994','DD/MM/YYYY'), 1350000, 1, 'F',  30);
INSERT INTO EMPLEADO VALUES (9771046, '3', 'Espinoza',   'Lara',      'Miguel',    'Angel',   'Pasaje Los Pinos 55, Quilpue',     'M', 934512876, NULL,      TO_DATE('08/11/1966','DD/MM/YYYY'), TO_DATE('10/04/1994','DD/MM/YYYY'), 890000,  1, 'SO', 40);
INSERT INTO EMPLEADO VALUES (9876543, '2', 'Navarro',  'Lagos',   'Pedro',   'Miguel', 'Av. Playa Ancha 456, Valparaiso', 'M', 976543218, 322456789, TO_DATE('15/08/1967','DD/MM/YYYY'), TO_DATE('10/04/1996','DD/MM/YYYY'), 950000,  1, 'F',  20);
INSERT INTO EMPLEADO VALUES (10123456,'7', 'Vargas',   'Mendez',  'Ana',     'Maria',  'Calle Cumming 234, Valparaiso',   'F', 965432178, NULL,      TO_DATE('22/04/1970','DD/MM/YYYY'), TO_DATE('25/04/1996','DD/MM/YYYY'), 1200000, 1, 'I',  40);
INSERT INTO EMPLEADO VALUES (11996940, '8', 'Valenzuela', 'Bravo',    'Lucia',     'Carmen',  'Calle Ecuador 234, Viña del Mar',  'F', 912345678, 322789456, TO_DATE('03/06/1983','DD/MM/YYYY'), TO_DATE('12/08/2001','DD/MM/YYYY'), 1250000, 1, 'I',  20);
INSERT INTO EMPLEADO VALUES (12459100, '5', 'Morales',    'Jimenez',  'Rodrigo',   NULL,      'Av. Libertad 1543, Viña del Mar',  'M', 943219876, 322654987, TO_DATE('17/02/1980','DD/MM/YYYY'), TO_DATE('05/01/2004','DD/MM/YYYY'), 1480000, 1, 'F',  10);
INSERT INTO EMPLEADO VALUES (11949670, '2', 'Perez',      'Gutierrez','Andrea',    'Soledad', 'Los Olivos 890, Concón',           'F', 978901234, NULL,      TO_DATE('29/04/1985','DD/MM/YYYY'), TO_DATE('20/06/2007','DD/MM/YYYY'), 980000,  1, 'SO', 50);
INSERT INTO EMPLEADO VALUES (11872936, '7', 'Campos',     'Vera',     'Ricardo',   'Esteban', 'Av. Marina 321, Valparaiso',       'M', 998765432, 322321654, TO_DATE('12/08/1978','DD/MM/YYYY'), TO_DATE('14/02/2005','DD/MM/YYYY'), 1650000, 1, 'I',  20);
INSERT INTO EMPLEADO VALUES (12189232, 'K', 'Sandoval',   'Rojas',    'Patricia',  NULL,      'Brisas del Mar 102, Concon',       'F', 965412378, NULL,      TO_DATE('25/01/1990','DD/MM/YYYY'), TO_DATE('07/11/2012','DD/MM/YYYY'), 870000,  2, 'F',  30);
INSERT INTO EMPLEADO VALUES (11976208, '6', 'Bustos',     'Reyes',    'Gonzalo',   'Ignacio', 'Av. 21 de Mayo 675, Valparaiso',   'M', 912398745, 322112233, TO_DATE('07/04/1975','DD/MM/YYYY'), TO_DATE('03/09/2003','DD/MM/YYYY'), 2100000, 1, 'I',  10);

/* CLIENTE */
INSERT INTO CLIENTE VALUES (10639521, '9', 'Alarcon',   'Pizarro',   'Jorge',    'Luis',    'Los Aromos 456, Santiago',      976543210, 22345678, 1800000, TO_DATE('12/05/1975','DD/MM/YYYY'), 2, 'S', 20);
INSERT INTO CLIENTE VALUES (11657132, '5', 'Rios',      'Mena',      'Carmen',   NULL,      'Av. Grecia 1120, Viña del Mar', 945678901, NULL,     2500000, TO_DATE('08/09/1980','DD/MM/YYYY'), 1, 'P', 10);
INSERT INTO CLIENTE VALUES (10238830, '3', 'Vergara',   'Solis',     'Luis',     'Alberto', 'Calle Larga 890, Santiago',     934560012, 22456789, 3200000, TO_DATE('22/11/1968','DD/MM/YYYY'), 2, 'S', 30);
INSERT INTO CLIENTE VALUES (12777063, '2', 'Hidalgo',   'Castro',    'Felipe',   NULL,      'Los Cerezos 312, La Florida',  921345678, NULL,     980000,  TO_DATE('30/04/1990','DD/MM/YYYY'), 2, 'N', 20);
INSERT INTO CLIENTE VALUES (12467572, '8', 'Navarro',   'Espinoza',  'Claudia',  'Paz',     'Av. Kennedy 567, Las Condes',  987654123, 22789012, 1400000, TO_DATE('14/07/1985','DD/MM/YYYY'), 2, 'N', 10);
INSERT INTO CLIENTE VALUES (12866487, '0', 'Tapia',     'Moreno',    'Diego',    'Andres',  'Los Pinos 23, Temuco',         967890123, NULL,     750000,  TO_DATE('05/01/1992','DD/MM/YYYY'), 5, 'N', 40);
INSERT INTO CLIENTE VALUES (12487147, '7', 'Ibarra',    'Torres',    'Sandra',   NULL,      'Los Boldos 789, Puerto Montt', 956780123, 652345678, 680000, TO_DATE('19/06/1988','DD/MM/YYYY'), 3, 'N', 20);
INSERT INTO CLIENTE VALUES (12817700, '2', 'Leal',      'Poblete',   'Roberto',  'Carlos',  'Av. del Mar 234, Coquimbo',    945671234, NULL,     1200000, TO_DATE('28/08/1979','DD/MM/YYYY'), 1, 'P', 30);
INSERT INTO CLIENTE VALUES (9499046,  'K', 'Gonzalez',  'Herrera',   'Maria',    'Jose',    'Los Alamos 123, Maipu',        934562345, 22678901, 870000,  TO_DATE('17/02/1972','DD/MM/YYYY'), 2, 'N', 10);
INSERT INTO CLIENTE VALUES (12503185, '5', 'Vega',      'Fuentes',   'Eduardo',  NULL,      'Los Quillayes 456, La Serena', 923453456, NULL,     1600000, TO_DATE('11/10/1983','DD/MM/YYYY'), 1, 'P', 20);
INSERT INTO CLIENTE VALUES (12468646, '3', 'Reyes',     'Acevedo',   'Valeria',  'Andrea',  'Av. Mackenna 789, Concepcion', 912344567, 412345678, 920000, TO_DATE('23/04/1987','DD/MM/YYYY'), 4, 'N', 10);
INSERT INTO CLIENTE VALUES (11976219, '5', 'Soto',      'Rojas',     'Carlos',   NULL,      'Los Peumos 890, Rancagua',     967891234, NULL,     1050000, TO_DATE('09/12/1982','DD/MM/YYYY'), 4, 'N', 30);
INSERT INTO CLIENTE VALUES (14558221, '0', 'Cruz',      'Figueroa',  'Ana',      'Belen',   'Av. O''Higgins 321, Santiago', 956782345, 22567890, 4500000, TO_DATE('01/04/1970','DD/MM/YYYY'), 2, 'E', 20);
INSERT INTO CLIENTE VALUES (10586995, '4', 'Contreras', 'Bravo',     'Hernan',   'Raul',    'Los Boldos 567, Maipu',        945673456, NULL,     780000,  TO_DATE('15/09/1976','DD/MM/YYYY'), 2, 'N', 10);
INSERT INTO CLIENTE VALUES (15353262, '6', 'Medina',    'Rojas',     'Pilar',    NULL,      'Av. Los Leones 234, Providencia',934564567, 22890123, 2800000, TO_DATE('06/06/1978','DD/MM/YYYY'), 2, 'E', 40);
INSERT INTO CLIENTE VALUES (12998853, '1', 'Salinas',   'Cifuentes', 'Pablo',    'Jose',    'Pasaje La Union 45, Valparaiso', 923455678, NULL,    690000,  TO_DATE('20/11/1991','DD/MM/YYYY'), 1, 'N', 20);
INSERT INTO CLIENTE VALUES (12831482, '9', 'Godoy',     'Villalobos','Monica',   'Isabel',  'Los Naranjos 678, Curico',      912346789, 752345678, 830000, TO_DATE('03/07/1984','DD/MM/YYYY'), 4, 'N', 30);
INSERT INTO CLIENTE VALUES (12186256, '1', 'Quintero',  'Orellana',  'Fernando', NULL,      'Av. Brasil 456, Valparaiso',    967892345, NULL,    1750000, TO_DATE('12/01/1980','DD/MM/YYYY'), 1, 'P', 10);
INSERT INTO CLIENTE VALUES (12947165, '8', 'Leon',      'Palma',     'Nicolas',  'Tomas',   'Av. Colón 890, Antofagasta',    956783456, 552345678, 2200000, TO_DATE('28/05/1975','DD/MM/YYYY'), 6, 'E', 20);
INSERT INTO CLIENTE VALUES (14526736, '3', 'Flores',    'Olivares',  'Laura',    NULL,      'Los Tilos 123, Santiago',       945674567, 22901234, 1100000, TO_DATE('17/09/1986','DD/MM/YYYY'), 2, 'N', 40);
INSERT INTO CLIENTE VALUES (13043565, '3', 'Zapata',    'Muñoz',     'Sebastian','Ignacio', 'Los Coihues 345, Osorno',       934565678, NULL,     640000,  TO_DATE('08/04/1993','DD/MM/YYYY'), 3, 'N', 10);
INSERT INTO CLIENTE VALUES (13072743, 'K', 'Aravena',   'Lazo',      'Karina',   NULL,      'Av. Los Aviadores 123, Iquique',923456789, 572345678, 1900000, TO_DATE('25/10/1981','DD/MM/YYYY'), 6, 'E', 20);
INSERT INTO CLIENTE VALUES (12459101, '3', 'Peralta',   'Valdes',    'Marcelo',  'Alfredo', 'Av. Victoria 567, Temuco',      912347890, NULL,     760000,  TO_DATE('14/06/1989','DD/MM/YYYY'), 5, 'N', 30);
INSERT INTO CLIENTE VALUES (14632410, '6', 'Miranda',   'Neira',     'Beatriz',  NULL,      'Pasaje El Sol 78, Vina del Mar',967893456, 322567890, 1350000, TO_DATE('02/12/1977','DD/MM/YYYY'), 1, 'P', 10);

/* EMBARCACION */
INSERT INTO EMBARCACION VALUES ('VLP001', 'Azul',   8.5,  'Inboard',   2018, 95000,  45000, 'L', 9499044,   10);
INSERT INTO EMBARCACION VALUES ('VLP002', 'Blanco', 12.3, 'Outboard',  2015, 140000, 70000, 'V', 11996940,  20);
INSERT INTO EMBARCACION VALUES ('VLP003', 'Rojo',   6.2,  'Outboard',  2020, 75000,  35000, 'M', 8716085,   30);
INSERT INTO EMBARCACION VALUES ('VLP004', 'Negro',  18.0, 'Inboard',   2017, 220000, 95000, 'Y', 11949670,  40);
INSERT INTO EMBARCACION VALUES ('VLP005', 'Blanco', 11.5, 'Outboard',  2019, 130000, 60000, 'K', 12459100,  10);
INSERT INTO EMBARCACION VALUES ('VLP006', 'Gris',   7.8,  'Inboard',   2016, 88000,  40000, 'L', 8533901,   20);
INSERT INTO EMBARCACION VALUES ('VLP007', 'Azul',   9.0,  'Outboard',  2021, 105000, 50000, 'L', 11872936,  30);
INSERT INTO EMBARCACION VALUES ('VLP008', 'Rojo',   5.5,  'Outboard',  2022, 68000,  30000, 'M', 9771046,   40);
INSERT INTO EMBARCACION VALUES ('VLP009', 'Blanco', 14.7, 'Inboard',   2018, 175000, 80000, 'V', 11976208,  10);
INSERT INTO EMBARCACION VALUES ('VLP010', 'Azul',   22.0, 'Inboard',   2019, 280000, 120000,'Y', 12189232,  20);
INSERT INTO EMBARCACION VALUES ('VLP011', 'Verde',  10.2, 'Outboard',  2020, 115000, 55000, 'K', 11996940,  30);
INSERT INTO EMBARCACION VALUES ('VLP012', 'Blanco', 8.0,  'Outboard',  2017, 92000,  43000, 'L', 12459100,  40);


/* INSERTOS ARRIENDO_EMBARCACION */

/* ---- AÑO ANTERIOR ---- */
INSERT INTO ARRIENDO_EMBARCACION VALUES (SEQ_ARRIENDO.NEXTVAL,'VLP001',10639521, TO_DATE('03/01/'||TO_CHAR(EXTRACT(YEAR FROM SYSDATE)-1),'DD/MM/YYYY'), 3,  TO_DATE('06/01/'||TO_CHAR(EXTRACT(YEAR FROM SYSDATE)-1),'DD/MM/YYYY'));
INSERT INTO ARRIENDO_EMBARCACION VALUES (SEQ_ARRIENDO.NEXTVAL,'VLP002',11657132, TO_DATE('08/01/'||TO_CHAR(EXTRACT(YEAR FROM SYSDATE)-1),'DD/MM/YYYY'), 5,  TO_DATE('13/01/'||TO_CHAR(EXTRACT(YEAR FROM SYSDATE)-1),'DD/MM/YYYY'));
INSERT INTO ARRIENDO_EMBARCACION VALUES (SEQ_ARRIENDO.NEXTVAL,'VLP003',10238830, TO_DATE('10/01/'||TO_CHAR(EXTRACT(YEAR FROM SYSDATE)-1),'DD/MM/YYYY'), 2,  TO_DATE('12/01/'||TO_CHAR(EXTRACT(YEAR FROM SYSDATE)-1),'DD/MM/YYYY'));
INSERT INTO ARRIENDO_EMBARCACION VALUES (SEQ_ARRIENDO.NEXTVAL,'VLP004',12777063, TO_DATE('15/01/'||TO_CHAR(EXTRACT(YEAR FROM SYSDATE)-1),'DD/MM/YYYY'), 7,  TO_DATE('22/01/'||TO_CHAR(EXTRACT(YEAR FROM SYSDATE)-1),'DD/MM/YYYY'));
INSERT INTO ARRIENDO_EMBARCACION VALUES (SEQ_ARRIENDO.NEXTVAL,'VLP005',12467572, TO_DATE('20/01/'||TO_CHAR(EXTRACT(YEAR FROM SYSDATE)-1),'DD/MM/YYYY'), 4,  TO_DATE('24/01/'||TO_CHAR(EXTRACT(YEAR FROM SYSDATE)-1),'DD/MM/YYYY'));
INSERT INTO ARRIENDO_EMBARCACION VALUES (SEQ_ARRIENDO.NEXTVAL,'VLP006',12866487, TO_DATE('05/02/'||TO_CHAR(EXTRACT(YEAR FROM SYSDATE)-1),'DD/MM/YYYY'), 1,  TO_DATE('06/02/'||TO_CHAR(EXTRACT(YEAR FROM SYSDATE)-1),'DD/MM/YYYY'));
INSERT INTO ARRIENDO_EMBARCACION VALUES (SEQ_ARRIENDO.NEXTVAL,'VLP007',12487147, TO_DATE('10/02/'||TO_CHAR(EXTRACT(YEAR FROM SYSDATE)-1),'DD/MM/YYYY'), 3,  TO_DATE('13/02/'||TO_CHAR(EXTRACT(YEAR FROM SYSDATE)-1),'DD/MM/YYYY'));
INSERT INTO ARRIENDO_EMBARCACION VALUES (SEQ_ARRIENDO.NEXTVAL,'VLP008',12817700, TO_DATE('14/02/'||TO_CHAR(EXTRACT(YEAR FROM SYSDATE)-1),'DD/MM/YYYY'), 2,  TO_DATE('16/02/'||TO_CHAR(EXTRACT(YEAR FROM SYSDATE)-1),'DD/MM/YYYY'));
INSERT INTO ARRIENDO_EMBARCACION VALUES (SEQ_ARRIENDO.NEXTVAL,'VLP009',9499046,  TO_DATE('18/02/'||TO_CHAR(EXTRACT(YEAR FROM SYSDATE)-1),'DD/MM/YYYY'), 6,  TO_DATE('24/02/'||TO_CHAR(EXTRACT(YEAR FROM SYSDATE)-1),'DD/MM/YYYY'));
INSERT INTO ARRIENDO_EMBARCACION VALUES (SEQ_ARRIENDO.NEXTVAL,'VLP010',12503185, TO_DATE('22/02/'||TO_CHAR(EXTRACT(YEAR FROM SYSDATE)-1),'DD/MM/YYYY'), 8,  TO_DATE('01/04/'||TO_CHAR(EXTRACT(YEAR FROM SYSDATE)-1),'DD/MM/YYYY'));
INSERT INTO ARRIENDO_EMBARCACION VALUES (SEQ_ARRIENDO.NEXTVAL,'VLP001',12468646, TO_DATE('03/04/'||TO_CHAR(EXTRACT(YEAR FROM SYSDATE)-1),'DD/MM/YYYY'), 5,  TO_DATE('08/04/'||TO_CHAR(EXTRACT(YEAR FROM SYSDATE)-1),'DD/MM/YYYY'));
INSERT INTO ARRIENDO_EMBARCACION VALUES (SEQ_ARRIENDO.NEXTVAL,'VLP002',11976219, TO_DATE('05/04/'||TO_CHAR(EXTRACT(YEAR FROM SYSDATE)-1),'DD/MM/YYYY'), 3,  TO_DATE('08/04/'||TO_CHAR(EXTRACT(YEAR FROM SYSDATE)-1),'DD/MM/YYYY'));
INSERT INTO ARRIENDO_EMBARCACION VALUES (SEQ_ARRIENDO.NEXTVAL,'VLP003',14558221, TO_DATE('12/04/'||TO_CHAR(EXTRACT(YEAR FROM SYSDATE)-1),'DD/MM/YYYY'), 4,  TO_DATE('16/04/'||TO_CHAR(EXTRACT(YEAR FROM SYSDATE)-1),'DD/MM/YYYY'));
INSERT INTO ARRIENDO_EMBARCACION VALUES (SEQ_ARRIENDO.NEXTVAL,'VLP004',10586995, TO_DATE('15/04/'||TO_CHAR(EXTRACT(YEAR FROM SYSDATE)-1),'DD/MM/YYYY'), 9,  TO_DATE('24/04/'||TO_CHAR(EXTRACT(YEAR FROM SYSDATE)-1),'DD/MM/YYYY'));
INSERT INTO ARRIENDO_EMBARCACION VALUES (SEQ_ARRIENDO.NEXTVAL,'VLP005',15353262, TO_DATE('20/04/'||TO_CHAR(EXTRACT(YEAR FROM SYSDATE)-1),'DD/MM/YYYY'), 6,  TO_DATE('26/04/'||TO_CHAR(EXTRACT(YEAR FROM SYSDATE)-1),'DD/MM/YYYY'));
INSERT INTO ARRIENDO_EMBARCACION VALUES (SEQ_ARRIENDO.NEXTVAL,'VLP006',12998853, TO_DATE('25/04/'||TO_CHAR(EXTRACT(YEAR FROM SYSDATE)-1),'DD/MM/YYYY'), 2,  TO_DATE('27/04/'||TO_CHAR(EXTRACT(YEAR FROM SYSDATE)-1),'DD/MM/YYYY'));
INSERT INTO ARRIENDO_EMBARCACION VALUES (SEQ_ARRIENDO.NEXTVAL,'VLP011',12831482, TO_DATE('28/04/'||TO_CHAR(EXTRACT(YEAR FROM SYSDATE)-1),'DD/MM/YYYY'), 4,  TO_DATE('01/04/'||TO_CHAR(EXTRACT(YEAR FROM SYSDATE)-1),'DD/MM/YYYY'));
INSERT INTO ARRIENDO_EMBARCACION VALUES (SEQ_ARRIENDO.NEXTVAL,'VLP007',12186256, TO_DATE('02/04/'||TO_CHAR(EXTRACT(YEAR FROM SYSDATE)-1),'DD/MM/YYYY'), 7,  TO_DATE('09/04/'||TO_CHAR(EXTRACT(YEAR FROM SYSDATE)-1),'DD/MM/YYYY'));
INSERT INTO ARRIENDO_EMBARCACION VALUES (SEQ_ARRIENDO.NEXTVAL,'VLP008',12947165, TO_DATE('05/04/'||TO_CHAR(EXTRACT(YEAR FROM SYSDATE)-1),'DD/MM/YYYY'), 5,  TO_DATE('10/04/'||TO_CHAR(EXTRACT(YEAR FROM SYSDATE)-1),'DD/MM/YYYY'));
INSERT INTO ARRIENDO_EMBARCACION VALUES (SEQ_ARRIENDO.NEXTVAL,'VLP009',14526736, TO_DATE('10/04/'||TO_CHAR(EXTRACT(YEAR FROM SYSDATE)-1),'DD/MM/YYYY'), 3,  TO_DATE('13/04/'||TO_CHAR(EXTRACT(YEAR FROM SYSDATE)-1),'DD/MM/YYYY'));
INSERT INTO ARRIENDO_EMBARCACION VALUES (SEQ_ARRIENDO.NEXTVAL,'VLP010',13043565, TO_DATE('15/04/'||TO_CHAR(EXTRACT(YEAR FROM SYSDATE)-1),'DD/MM/YYYY'), 11, TO_DATE('26/04/'||TO_CHAR(EXTRACT(YEAR FROM SYSDATE)-1),'DD/MM/YYYY'));
INSERT INTO ARRIENDO_EMBARCACION VALUES (SEQ_ARRIENDO.NEXTVAL,'VLP011',13072743, TO_DATE('18/04/'||TO_CHAR(EXTRACT(YEAR FROM SYSDATE)-1),'DD/MM/YYYY'), 8,  TO_DATE('26/04/'||TO_CHAR(EXTRACT(YEAR FROM SYSDATE)-1),'DD/MM/YYYY'));
INSERT INTO ARRIENDO_EMBARCACION VALUES (SEQ_ARRIENDO.NEXTVAL,'VLP012',12459101, TO_DATE('22/04/'||TO_CHAR(EXTRACT(YEAR FROM SYSDATE)-1),'DD/MM/YYYY'), 4,  TO_DATE('26/04/'||TO_CHAR(EXTRACT(YEAR FROM SYSDATE)-1),'DD/MM/YYYY'));
INSERT INTO ARRIENDO_EMBARCACION VALUES (SEQ_ARRIENDO.NEXTVAL,'VLP001',14632410, TO_DATE('02/05/'||TO_CHAR(EXTRACT(YEAR FROM SYSDATE)-1),'DD/MM/YYYY'), 6,  TO_DATE('08/05/'||TO_CHAR(EXTRACT(YEAR FROM SYSDATE)-1),'DD/MM/YYYY'));
INSERT INTO ARRIENDO_EMBARCACION VALUES (SEQ_ARRIENDO.NEXTVAL,'VLP002',10639521, TO_DATE('05/05/'||TO_CHAR(EXTRACT(YEAR FROM SYSDATE)-1),'DD/MM/YYYY'), 9,  TO_DATE('14/05/'||TO_CHAR(EXTRACT(YEAR FROM SYSDATE)-1),'DD/MM/YYYY'));
INSERT INTO ARRIENDO_EMBARCACION VALUES (SEQ_ARRIENDO.NEXTVAL,'VLP003',11657132, TO_DATE('08/05/'||TO_CHAR(EXTRACT(YEAR FROM SYSDATE)-1),'DD/MM/YYYY'), 5,  TO_DATE('13/05/'||TO_CHAR(EXTRACT(YEAR FROM SYSDATE)-1),'DD/MM/YYYY'));
INSERT INTO ARRIENDO_EMBARCACION VALUES (SEQ_ARRIENDO.NEXTVAL,'VLP004',10238830, TO_DATE('12/05/'||TO_CHAR(EXTRACT(YEAR FROM SYSDATE)-1),'DD/MM/YYYY'), 7,  TO_DATE('19/05/'||TO_CHAR(EXTRACT(YEAR FROM SYSDATE)-1),'DD/MM/YYYY'));
INSERT INTO ARRIENDO_EMBARCACION VALUES (SEQ_ARRIENDO.NEXTVAL,'VLP005',12777063, TO_DATE('15/05/'||TO_CHAR(EXTRACT(YEAR FROM SYSDATE)-1),'DD/MM/YYYY'), 3,  TO_DATE('18/05/'||TO_CHAR(EXTRACT(YEAR FROM SYSDATE)-1),'DD/MM/YYYY'));
INSERT INTO ARRIENDO_EMBARCACION VALUES (SEQ_ARRIENDO.NEXTVAL,'VLP006',12467572, TO_DATE('20/05/'||TO_CHAR(EXTRACT(YEAR FROM SYSDATE)-1),'DD/MM/YYYY'), 8,  TO_DATE('28/05/'||TO_CHAR(EXTRACT(YEAR FROM SYSDATE)-1),'DD/MM/YYYY'));
INSERT INTO ARRIENDO_EMBARCACION VALUES (SEQ_ARRIENDO.NEXTVAL,'VLP007',12866487, TO_DATE('23/05/'||TO_CHAR(EXTRACT(YEAR FROM SYSDATE)-1),'DD/MM/YYYY'), 2,  TO_DATE('25/05/'||TO_CHAR(EXTRACT(YEAR FROM SYSDATE)-1),'DD/MM/YYYY'));
INSERT INTO ARRIENDO_EMBARCACION VALUES (SEQ_ARRIENDO.NEXTVAL,'VLP008',12487147, TO_DATE('05/06/'||TO_CHAR(EXTRACT(YEAR FROM SYSDATE)-1),'DD/MM/YYYY'), 4,  TO_DATE('09/06/'||TO_CHAR(EXTRACT(YEAR FROM SYSDATE)-1),'DD/MM/YYYY'));
INSERT INTO ARRIENDO_EMBARCACION VALUES (SEQ_ARRIENDO.NEXTVAL,'VLP009',12817700, TO_DATE('10/06/'||TO_CHAR(EXTRACT(YEAR FROM SYSDATE)-1),'DD/MM/YYYY'), 6,  TO_DATE('16/06/'||TO_CHAR(EXTRACT(YEAR FROM SYSDATE)-1),'DD/MM/YYYY'));
INSERT INTO ARRIENDO_EMBARCACION VALUES (SEQ_ARRIENDO.NEXTVAL,'VLP010',9499046,  TO_DATE('12/06/'||TO_CHAR(EXTRACT(YEAR FROM SYSDATE)-1),'DD/MM/YYYY'), 10, TO_DATE('22/06/'||TO_CHAR(EXTRACT(YEAR FROM SYSDATE)-1),'DD/MM/YYYY'));
INSERT INTO ARRIENDO_EMBARCACION VALUES (SEQ_ARRIENDO.NEXTVAL,'VLP011',12503185, TO_DATE('15/06/'||TO_CHAR(EXTRACT(YEAR FROM SYSDATE)-1),'DD/MM/YYYY'), 5,  TO_DATE('20/06/'||TO_CHAR(EXTRACT(YEAR FROM SYSDATE)-1),'DD/MM/YYYY'));
INSERT INTO ARRIENDO_EMBARCACION VALUES (SEQ_ARRIENDO.NEXTVAL,'VLP012',12468646, TO_DATE('20/06/'||TO_CHAR(EXTRACT(YEAR FROM SYSDATE)-1),'DD/MM/YYYY'), 3,  TO_DATE('23/06/'||TO_CHAR(EXTRACT(YEAR FROM SYSDATE)-1),'DD/MM/YYYY'));
INSERT INTO ARRIENDO_EMBARCACION VALUES (SEQ_ARRIENDO.NEXTVAL,'VLP001',11976219, TO_DATE('25/06/'||TO_CHAR(EXTRACT(YEAR FROM SYSDATE)-1),'DD/MM/YYYY'), 7,  TO_DATE('02/07/'||TO_CHAR(EXTRACT(YEAR FROM SYSDATE)-1),'DD/MM/YYYY'));
INSERT INTO ARRIENDO_EMBARCACION VALUES (SEQ_ARRIENDO.NEXTVAL,'VLP002',14558221, TO_DATE('02/07/'||TO_CHAR(EXTRACT(YEAR FROM SYSDATE)-1),'DD/MM/YYYY'), 9,  TO_DATE('11/07/'||TO_CHAR(EXTRACT(YEAR FROM SYSDATE)-1),'DD/MM/YYYY'));
INSERT INTO ARRIENDO_EMBARCACION VALUES (SEQ_ARRIENDO.NEXTVAL,'VLP003',10586995, TO_DATE('05/07/'||TO_CHAR(EXTRACT(YEAR FROM SYSDATE)-1),'DD/MM/YYYY'), 4,  TO_DATE('09/07/'||TO_CHAR(EXTRACT(YEAR FROM SYSDATE)-1),'DD/MM/YYYY'));
INSERT INTO ARRIENDO_EMBARCACION VALUES (SEQ_ARRIENDO.NEXTVAL,'VLP004',15353262, TO_DATE('08/07/'||TO_CHAR(EXTRACT(YEAR FROM SYSDATE)-1),'DD/MM/YYYY'), 12, TO_DATE('20/07/'||TO_CHAR(EXTRACT(YEAR FROM SYSDATE)-1),'DD/MM/YYYY'));
INSERT INTO ARRIENDO_EMBARCACION VALUES (SEQ_ARRIENDO.NEXTVAL,'VLP005',12998853, TO_DATE('12/07/'||TO_CHAR(EXTRACT(YEAR FROM SYSDATE)-1),'DD/MM/YYYY'), 6,  TO_DATE('18/07/'||TO_CHAR(EXTRACT(YEAR FROM SYSDATE)-1),'DD/MM/YYYY'));
INSERT INTO ARRIENDO_EMBARCACION VALUES (SEQ_ARRIENDO.NEXTVAL,'VLP006',12831482, TO_DATE('15/07/'||TO_CHAR(EXTRACT(YEAR FROM SYSDATE)-1),'DD/MM/YYYY'), 3,  TO_DATE('18/07/'||TO_CHAR(EXTRACT(YEAR FROM SYSDATE)-1),'DD/MM/YYYY'));
INSERT INTO ARRIENDO_EMBARCACION VALUES (SEQ_ARRIENDO.NEXTVAL,'VLP007',12186256, TO_DATE('18/07/'||TO_CHAR(EXTRACT(YEAR FROM SYSDATE)-1),'DD/MM/YYYY'), 8,  TO_DATE('26/07/'||TO_CHAR(EXTRACT(YEAR FROM SYSDATE)-1),'DD/MM/YYYY'));
INSERT INTO ARRIENDO_EMBARCACION VALUES (SEQ_ARRIENDO.NEXTVAL,'VLP008',12947165, TO_DATE('22/07/'||TO_CHAR(EXTRACT(YEAR FROM SYSDATE)-1),'DD/MM/YYYY'), 5,  TO_DATE('27/07/'||TO_CHAR(EXTRACT(YEAR FROM SYSDATE)-1),'DD/MM/YYYY'));
INSERT INTO ARRIENDO_EMBARCACION VALUES (SEQ_ARRIENDO.NEXTVAL,'VLP009',14526736, TO_DATE('25/07/'||TO_CHAR(EXTRACT(YEAR FROM SYSDATE)-1),'DD/MM/YYYY'), 7,  TO_DATE('01/08/'||TO_CHAR(EXTRACT(YEAR FROM SYSDATE)-1),'DD/MM/YYYY'));
INSERT INTO ARRIENDO_EMBARCACION VALUES (SEQ_ARRIENDO.NEXTVAL,'VLP010',13043565, TO_DATE('03/08/'||TO_CHAR(EXTRACT(YEAR FROM SYSDATE)-1),'DD/MM/YYYY'), 9,  TO_DATE('12/08/'||TO_CHAR(EXTRACT(YEAR FROM SYSDATE)-1),'DD/MM/YYYY'));
INSERT INTO ARRIENDO_EMBARCACION VALUES (SEQ_ARRIENDO.NEXTVAL,'VLP011',13072743, TO_DATE('07/08/'||TO_CHAR(EXTRACT(YEAR FROM SYSDATE)-1),'DD/MM/YYYY'), 4,  TO_DATE('11/08/'||TO_CHAR(EXTRACT(YEAR FROM SYSDATE)-1),'DD/MM/YYYY'));
INSERT INTO ARRIENDO_EMBARCACION VALUES (SEQ_ARRIENDO.NEXTVAL,'VLP012',12459101, TO_DATE('10/08/'||TO_CHAR(EXTRACT(YEAR FROM SYSDATE)-1),'DD/MM/YYYY'), 6,  TO_DATE('16/08/'||TO_CHAR(EXTRACT(YEAR FROM SYSDATE)-1),'DD/MM/YYYY'));
INSERT INTO ARRIENDO_EMBARCACION VALUES (SEQ_ARRIENDO.NEXTVAL,'VLP001',14632410, TO_DATE('14/08/'||TO_CHAR(EXTRACT(YEAR FROM SYSDATE)-1),'DD/MM/YYYY'), 5,  TO_DATE('19/08/'||TO_CHAR(EXTRACT(YEAR FROM SYSDATE)-1),'DD/MM/YYYY'));
INSERT INTO ARRIENDO_EMBARCACION VALUES (SEQ_ARRIENDO.NEXTVAL,'VLP002',10639521, TO_DATE('18/08/'||TO_CHAR(EXTRACT(YEAR FROM SYSDATE)-1),'DD/MM/YYYY'), 8,  TO_DATE('26/08/'||TO_CHAR(EXTRACT(YEAR FROM SYSDATE)-1),'DD/MM/YYYY'));
INSERT INTO ARRIENDO_EMBARCACION VALUES (SEQ_ARRIENDO.NEXTVAL,'VLP003',11657132, TO_DATE('22/08/'||TO_CHAR(EXTRACT(YEAR FROM SYSDATE)-1),'DD/MM/YYYY'), 3,  TO_DATE('25/08/'||TO_CHAR(EXTRACT(YEAR FROM SYSDATE)-1),'DD/MM/YYYY'));
INSERT INTO ARRIENDO_EMBARCACION VALUES (SEQ_ARRIENDO.NEXTVAL,'VLP004',10238830, TO_DATE('26/08/'||TO_CHAR(EXTRACT(YEAR FROM SYSDATE)-1),'DD/MM/YYYY'), 11, TO_DATE('06/09/'||TO_CHAR(EXTRACT(YEAR FROM SYSDATE)-1),'DD/MM/YYYY'));
INSERT INTO ARRIENDO_EMBARCACION VALUES (SEQ_ARRIENDO.NEXTVAL,'VLP005',12777063, TO_DATE('03/09/'||TO_CHAR(EXTRACT(YEAR FROM SYSDATE)-1),'DD/MM/YYYY'), 4,  TO_DATE('07/09/'||TO_CHAR(EXTRACT(YEAR FROM SYSDATE)-1),'DD/MM/YYYY'));
INSERT INTO ARRIENDO_EMBARCACION VALUES (SEQ_ARRIENDO.NEXTVAL,'VLP006',12467572, TO_DATE('06/09/'||TO_CHAR(EXTRACT(YEAR FROM SYSDATE)-1),'DD/MM/YYYY'), 6,  TO_DATE('12/09/'||TO_CHAR(EXTRACT(YEAR FROM SYSDATE)-1),'DD/MM/YYYY'));
INSERT INTO ARRIENDO_EMBARCACION VALUES (SEQ_ARRIENDO.NEXTVAL,'VLP007',12866487, TO_DATE('10/09/'||TO_CHAR(EXTRACT(YEAR FROM SYSDATE)-1),'DD/MM/YYYY'), 2,  TO_DATE('12/09/'||TO_CHAR(EXTRACT(YEAR FROM SYSDATE)-1),'DD/MM/YYYY'));
INSERT INTO ARRIENDO_EMBARCACION VALUES (SEQ_ARRIENDO.NEXTVAL,'VLP008',12487147, TO_DATE('15/09/'||TO_CHAR(EXTRACT(YEAR FROM SYSDATE)-1),'DD/MM/YYYY'), 5,  TO_DATE('20/09/'||TO_CHAR(EXTRACT(YEAR FROM SYSDATE)-1),'DD/MM/YYYY'));
INSERT INTO ARRIENDO_EMBARCACION VALUES (SEQ_ARRIENDO.NEXTVAL,'VLP009',12817700, TO_DATE('18/09/'||TO_CHAR(EXTRACT(YEAR FROM SYSDATE)-1),'DD/MM/YYYY'), 7,  TO_DATE('25/09/'||TO_CHAR(EXTRACT(YEAR FROM SYSDATE)-1),'DD/MM/YYYY'));
INSERT INTO ARRIENDO_EMBARCACION VALUES (SEQ_ARRIENDO.NEXTVAL,'VLP010',9499046,  TO_DATE('22/09/'||TO_CHAR(EXTRACT(YEAR FROM SYSDATE)-1),'DD/MM/YYYY'), 9,  TO_DATE('01/10/'||TO_CHAR(EXTRACT(YEAR FROM SYSDATE)-1),'DD/MM/YYYY'));
INSERT INTO ARRIENDO_EMBARCACION VALUES (SEQ_ARRIENDO.NEXTVAL,'VLP011',12503185, TO_DATE('26/09/'||TO_CHAR(EXTRACT(YEAR FROM SYSDATE)-1),'DD/MM/YYYY'), 3,  TO_DATE('29/09/'||TO_CHAR(EXTRACT(YEAR FROM SYSDATE)-1),'DD/MM/YYYY'));
INSERT INTO ARRIENDO_EMBARCACION VALUES (SEQ_ARRIENDO.NEXTVAL,'VLP012',12468646, TO_DATE('03/10/'||TO_CHAR(EXTRACT(YEAR FROM SYSDATE)-1),'DD/MM/YYYY'), 5,  TO_DATE('08/10/'||TO_CHAR(EXTRACT(YEAR FROM SYSDATE)-1),'DD/MM/YYYY'));
INSERT INTO ARRIENDO_EMBARCACION VALUES (SEQ_ARRIENDO.NEXTVAL,'VLP001',11976219, TO_DATE('06/10/'||TO_CHAR(EXTRACT(YEAR FROM SYSDATE)-1),'DD/MM/YYYY'), 8,  TO_DATE('14/10/'||TO_CHAR(EXTRACT(YEAR FROM SYSDATE)-1),'DD/MM/YYYY'));
INSERT INTO ARRIENDO_EMBARCACION VALUES (SEQ_ARRIENDO.NEXTVAL,'VLP002',14558221, TO_DATE('10/10/'||TO_CHAR(EXTRACT(YEAR FROM SYSDATE)-1),'DD/MM/YYYY'), 4,  TO_DATE('14/10/'||TO_CHAR(EXTRACT(YEAR FROM SYSDATE)-1),'DD/MM/YYYY'));
INSERT INTO ARRIENDO_EMBARCACION VALUES (SEQ_ARRIENDO.NEXTVAL,'VLP001',10639521, TO_DATE('03/01/'||TO_CHAR(EXTRACT(YEAR FROM SYSDATE)),'DD/MM/YYYY'), 3,  TO_DATE('06/01/'||TO_CHAR(EXTRACT(YEAR FROM SYSDATE)),'DD/MM/YYYY'));
INSERT INTO ARRIENDO_EMBARCACION VALUES (SEQ_ARRIENDO.NEXTVAL,'VLP002',11657132, TO_DATE('08/01/'||TO_CHAR(EXTRACT(YEAR FROM SYSDATE)),'DD/MM/YYYY'), 5,  TO_DATE('13/01/'||TO_CHAR(EXTRACT(YEAR FROM SYSDATE)),'DD/MM/YYYY'));
INSERT INTO ARRIENDO_EMBARCACION VALUES (SEQ_ARRIENDO.NEXTVAL,'VLP003',10238830, TO_DATE('10/01/'||TO_CHAR(EXTRACT(YEAR FROM SYSDATE)),'DD/MM/YYYY'), 2,  TO_DATE('12/01/'||TO_CHAR(EXTRACT(YEAR FROM SYSDATE)),'DD/MM/YYYY'));
INSERT INTO ARRIENDO_EMBARCACION VALUES (SEQ_ARRIENDO.NEXTVAL,'VLP004',12777063, TO_DATE('15/01/'||TO_CHAR(EXTRACT(YEAR FROM SYSDATE)),'DD/MM/YYYY'), 7,  TO_DATE('22/01/'||TO_CHAR(EXTRACT(YEAR FROM SYSDATE)),'DD/MM/YYYY'));
INSERT INTO ARRIENDO_EMBARCACION VALUES (SEQ_ARRIENDO.NEXTVAL,'VLP005',12467572, TO_DATE('20/01/'||TO_CHAR(EXTRACT(YEAR FROM SYSDATE)),'DD/MM/YYYY'), 4,  TO_DATE('24/01/'||TO_CHAR(EXTRACT(YEAR FROM SYSDATE)),'DD/MM/YYYY'));
INSERT INTO ARRIENDO_EMBARCACION VALUES (SEQ_ARRIENDO.NEXTVAL,'VLP006',12866487, TO_DATE('05/02/'||TO_CHAR(EXTRACT(YEAR FROM SYSDATE)),'DD/MM/YYYY'), 1,  TO_DATE('06/02/'||TO_CHAR(EXTRACT(YEAR FROM SYSDATE)),'DD/MM/YYYY'));
INSERT INTO ARRIENDO_EMBARCACION VALUES (SEQ_ARRIENDO.NEXTVAL,'VLP007',12487147, TO_DATE('10/02/'||TO_CHAR(EXTRACT(YEAR FROM SYSDATE)),'DD/MM/YYYY'), 3,  TO_DATE('13/02/'||TO_CHAR(EXTRACT(YEAR FROM SYSDATE)),'DD/MM/YYYY'));
INSERT INTO ARRIENDO_EMBARCACION VALUES (SEQ_ARRIENDO.NEXTVAL,'VLP008',12817700, TO_DATE('14/02/'||TO_CHAR(EXTRACT(YEAR FROM SYSDATE)),'DD/MM/YYYY'), 2,  TO_DATE('16/02/'||TO_CHAR(EXTRACT(YEAR FROM SYSDATE)),'DD/MM/YYYY'));
INSERT INTO ARRIENDO_EMBARCACION VALUES (SEQ_ARRIENDO.NEXTVAL,'VLP009',9499046,  TO_DATE('18/02/'||TO_CHAR(EXTRACT(YEAR FROM SYSDATE)),'DD/MM/YYYY'), 6,  TO_DATE('24/02/'||TO_CHAR(EXTRACT(YEAR FROM SYSDATE)),'DD/MM/YYYY'));
INSERT INTO ARRIENDO_EMBARCACION VALUES (SEQ_ARRIENDO.NEXTVAL,'VLP010',12503185, TO_DATE('22/02/'||TO_CHAR(EXTRACT(YEAR FROM SYSDATE)),'DD/MM/YYYY'), 8,  TO_DATE('01/04/'||TO_CHAR(EXTRACT(YEAR FROM SYSDATE)),'DD/MM/YYYY'));
INSERT INTO ARRIENDO_EMBARCACION VALUES (SEQ_ARRIENDO.NEXTVAL,'VLP001',12468646, TO_DATE('03/04/'||TO_CHAR(EXTRACT(YEAR FROM SYSDATE)),'DD/MM/YYYY'), 5,  TO_DATE('08/04/'||TO_CHAR(EXTRACT(YEAR FROM SYSDATE)),'DD/MM/YYYY'));
INSERT INTO ARRIENDO_EMBARCACION VALUES (SEQ_ARRIENDO.NEXTVAL,'VLP002',11976219, TO_DATE('05/04/'||TO_CHAR(EXTRACT(YEAR FROM SYSDATE)),'DD/MM/YYYY'), 3,  TO_DATE('08/04/'||TO_CHAR(EXTRACT(YEAR FROM SYSDATE)),'DD/MM/YYYY'));
INSERT INTO ARRIENDO_EMBARCACION VALUES (SEQ_ARRIENDO.NEXTVAL,'VLP003',14558221, TO_DATE('08/04/'||TO_CHAR(EXTRACT(YEAR FROM SYSDATE)),'DD/MM/YYYY'), 4,  TO_DATE('12/04/'||TO_CHAR(EXTRACT(YEAR FROM SYSDATE)),'DD/MM/YYYY'));
INSERT INTO ARRIENDO_EMBARCACION VALUES (SEQ_ARRIENDO.NEXTVAL,'VLP011',10586995, TO_DATE('10/04/'||TO_CHAR(EXTRACT(YEAR FROM SYSDATE)),'DD/MM/YYYY'), 9,  TO_DATE('19/04/'||TO_CHAR(EXTRACT(YEAR FROM SYSDATE)),'DD/MM/YYYY'));
INSERT INTO ARRIENDO_EMBARCACION VALUES (SEQ_ARRIENDO.NEXTVAL,'VLP012',15353262, TO_DATE('12/04/'||TO_CHAR(EXTRACT(YEAR FROM SYSDATE)),'DD/MM/YYYY'), 6,  TO_DATE('18/04/'||TO_CHAR(EXTRACT(YEAR FROM SYSDATE)),'DD/MM/YYYY'));
INSERT INTO ARRIENDO_EMBARCACION VALUES (SEQ_ARRIENDO.NEXTVAL,'VLP004',12998853, TO_DATE('15/04/'||TO_CHAR(EXTRACT(YEAR FROM SYSDATE)),'DD/MM/YYYY'), 2,  TO_DATE('17/04/'||TO_CHAR(EXTRACT(YEAR FROM SYSDATE)),'DD/MM/YYYY'));
INSERT INTO ARRIENDO_EMBARCACION VALUES (SEQ_ARRIENDO.NEXTVAL,'VLP005',12831482, TO_DATE('18/04/'||TO_CHAR(EXTRACT(YEAR FROM SYSDATE)),'DD/MM/YYYY'), 4,  TO_DATE('22/04/'||TO_CHAR(EXTRACT(YEAR FROM SYSDATE)),'DD/MM/YYYY'));
INSERT INTO ARRIENDO_EMBARCACION VALUES (SEQ_ARRIENDO.NEXTVAL,'VLP006',12186256, TO_DATE('20/04/'||TO_CHAR(EXTRACT(YEAR FROM SYSDATE)),'DD/MM/YYYY'), 7,  TO_DATE('27/04/'||TO_CHAR(EXTRACT(YEAR FROM SYSDATE)),'DD/MM/YYYY'));
INSERT INTO ARRIENDO_EMBARCACION VALUES (SEQ_ARRIENDO.NEXTVAL,'VLP007',12947165, TO_DATE('22/04/'||TO_CHAR(EXTRACT(YEAR FROM SYSDATE)),'DD/MM/YYYY'), 5,  TO_DATE('27/04/'||TO_CHAR(EXTRACT(YEAR FROM SYSDATE)),'DD/MM/YYYY'));
INSERT INTO ARRIENDO_EMBARCACION VALUES (SEQ_ARRIENDO.NEXTVAL,'VLP008',14526736, TO_DATE('25/04/'||TO_CHAR(EXTRACT(YEAR FROM SYSDATE)),'DD/MM/YYYY'), 3,  TO_DATE('28/04/'||TO_CHAR(EXTRACT(YEAR FROM SYSDATE)),'DD/MM/YYYY'));
INSERT INTO ARRIENDO_EMBARCACION VALUES (SEQ_ARRIENDO.NEXTVAL,'VLP009',13043565, TO_DATE('28/04/'||TO_CHAR(EXTRACT(YEAR FROM SYSDATE)),'DD/MM/YYYY'), 11, TO_DATE('08/04/'||TO_CHAR(EXTRACT(YEAR FROM SYSDATE)),'DD/MM/YYYY'));



/* =====================================================================
   *********  EXTENSIÓN DE DATOS - MARINE EXPRESS  *********
   Más empleados, embarcaciones, clientes y arriendos para mejorar
   la cobertura de las consultas y reportes.
   ===================================================================== */

/* === MÁS EMPLEADOS (+18) === */
INSERT INTO EMPLEADO VALUES (12567890, '4', 'Aravena',   'Pinto',    'Cristobal', 'Alejandro','Av. Brasil 234, Valparaiso',       'M', 945612378, NULL,      TO_DATE('14/05/1981','DD/MM/YYYY'), TO_DATE('15/01/2008','DD/MM/YYYY'), 1280000, 1, 'F',  20);
INSERT INTO EMPLEADO VALUES (12876543, '8', 'Bravo',     'Mella',    'Daniela',   NULL,      'Calle Limache 567, Quilpue',       'F', 987456321, 322987654, TO_DATE('22/09/1982','DD/MM/YYYY'), TO_DATE('20/04/2009','DD/MM/YYYY'), 1340000, 1, 'I',  10);
INSERT INTO EMPLEADO VALUES (13234567, '1', 'Carrasco',  'Olate',    'Esteban',   'Rafael',  'Av. Peru 109, Vina del Mar',       'M', 945127890, 322145678, TO_DATE('11/12/1983','DD/MM/YYYY'), TO_DATE('05/09/2010','DD/MM/YYYY'), 1100000, 1, 'F',  30);
INSERT INTO EMPLEADO VALUES (13567890, '5', 'Diaz',      'Quintana', 'Florencia', 'Maria',   'Pasaje Brisas 78, Concon',         'F', 998745632, NULL,      TO_DATE('30/01/1984','DD/MM/YYYY'), TO_DATE('10/01/2011','DD/MM/YYYY'), 1180000, 1, 'I',  20);
INSERT INTO EMPLEADO VALUES (13876543, '9', 'Espina',    'Riquelme', 'Gabriel',   NULL,      'Calle Quilpue 321, Vina del Mar',  'M', 974123658, 322789123, TO_DATE('15/04/1985','DD/MM/YYYY'), TO_DATE('14/06/2012','DD/MM/YYYY'), 1410000, 1, 'F',  40);
INSERT INTO EMPLEADO VALUES (14234567, '2', 'Fuentes',   'Sandoval', 'Helena',    'Sofia',   'Av. Borgoño 654, Vina del Mar',    'F', 967452318, NULL,      TO_DATE('07/07/1979','DD/MM/YYYY'), TO_DATE('22/02/2013','DD/MM/YYYY'), 990000,  1, 'I',  10);
INSERT INTO EMPLEADO VALUES (14567890, '6', 'Galaz',     'Tello',    'Ignacio',   NULL,      'Calle Yungay 234, Valparaiso',     'M', 945126789, 322145987, TO_DATE('25/08/1986','DD/MM/YYYY'), TO_DATE('30/07/2013','DD/MM/YYYY'), 1090000, 1, 'F',  50);
INSERT INTO EMPLEADO VALUES (14876543, 'K', 'Henriquez', 'Ulloa',    'Javiera',   'Belen',   'Av. Pacifico 432, Concon',         'F', 967123459, NULL,      TO_DATE('11/11/1987','DD/MM/YYYY'), TO_DATE('15/05/2014','DD/MM/YYYY'), 1240000, 1, 'I',  20);
INSERT INTO EMPLEADO VALUES (15234567, '3', 'Inostroza', 'Vega',     'Klaus',     NULL,      'Pje. Costa Azul 12, Reñaca',       'M', 945672310, 322356781, TO_DATE('19/05/1988','DD/MM/YYYY'), TO_DATE('25/08/2015','DD/MM/YYYY'), 1020000, 2, 'F',  30);
INSERT INTO EMPLEADO VALUES (15567890, '7', 'Jara',      'Wagner',   'Lorena',    'Estela',  'Calle Las Heras 567, Valparaiso',  'F', 956123478, NULL,      TO_DATE('14/02/1989','DD/MM/YYYY'), TO_DATE('11/03/2016','DD/MM/YYYY'), 1330000, 2, 'I',  40);
INSERT INTO EMPLEADO VALUES (15876543, 'K', 'Kruger',    'Yáñez',    'Manuel',    'Vicente', 'Av. Aleman 109, Vina del Mar',     'M', 998765431, 322987632, TO_DATE('09/07/1990','DD/MM/YYYY'), TO_DATE('18/06/2016','DD/MM/YYYY'), 1170000, 2, 'F',  10);
INSERT INTO EMPLEADO VALUES (16234567, '0', 'Lara',      'Zambrano', 'Natalia',   NULL,      'Calle Subida Esperanza 45, Valpo', 'F', 974561238, NULL,      TO_DATE('28/10/1991','DD/MM/YYYY'), TO_DATE('05/01/2018','DD/MM/YYYY'), 950000,  2, 'I',  20);
INSERT INTO EMPLEADO VALUES (16567890, '4', 'Mansilla',  'Aravena',  'Octavio',   'Ramon',   'Av. Santos Ossa 567, Vina',        'M', 945621398, 322145672, TO_DATE('15/03/1992','DD/MM/YYYY'), TO_DATE('22/04/2019','DD/MM/YYYY'), 1060000, 2, 'F',  30);
INSERT INTO EMPLEADO VALUES (16876543, 'K', 'Nuñez',     'Bello',    'Patricia',  NULL,      'Calle Errazuriz 891, Valpo',       'F', 998761234, NULL,      TO_DATE('06/06/1993','DD/MM/YYYY'), TO_DATE('14/08/2019','DD/MM/YYYY'), 1140000, 2, 'I',  50);
INSERT INTO EMPLEADO VALUES (17234567, '1', 'Olmedo',    'Cortes',   'Quintin',   'Sebastian','Av. Argentina 1234, Valpo',       'M', 974561239, 322145671, TO_DATE('21/09/1994','DD/MM/YYYY'), TO_DATE('19/11/2020','DD/MM/YYYY'), 880000,  2, 'F',  10);
INSERT INTO EMPLEADO VALUES (17567890, '5', 'Palacios',  'Donoso',   'Rebeca',    NULL,      'Av. Pedro Montt 567, Valpo',       'F', 956123479, NULL,      TO_DATE('04/12/1995','DD/MM/YYYY'), TO_DATE('07/02/2021','DD/MM/YYYY'), 970000,  2, 'I',  20);
INSERT INTO EMPLEADO VALUES (17876543, '9', 'Quiroga',   'Echeverria','Sergio',   'Tomas',   'Calle Cumming 234, Valpo',         'M', 998761235, 322987631, TO_DATE('17/01/1996','DD/MM/YYYY'), TO_DATE('20/05/2022','DD/MM/YYYY'), 920000,  2, 'F',  30);
INSERT INTO EMPLEADO VALUES (18234567, '3', 'Riveros',   'Farias',   'Tamara',    NULL,      'Calle Independencia 432, Valpo',   'F', 974561240, NULL,      TO_DATE('03/05/1997','DD/MM/YYYY'), TO_DATE('15/09/2023','DD/MM/YYYY'), 870000,  2, 'I',  10);

/* === MÁS EMBARCACIONES (+18) === */
INSERT INTO EMBARCACION VALUES ('VLP013', 'Verde',  9.5,  'Outboard',  2024, 110000, 52000, 'L', 12567890, 10);
INSERT INTO EMBARCACION VALUES ('VLP014', 'Azul',   13.0, 'Inboard',   2024, 165000, 78000, 'V', 12876543, 50);
INSERT INTO EMBARCACION VALUES ('VLP015', 'Blanco', 6.8,  'Outboard',  2024, 78000,  36000, 'M', 13234567, 30);
INSERT INTO EMBARCACION VALUES ('VLP016', 'Rojo',   20.5, 'Inboard',   2024, 245000, 105000,'Y', 13567890, 40);
INSERT INTO EMBARCACION VALUES ('VLP017', 'Negro',  12.0, 'Outboard',  2024, 145000, 68000, 'K', 13876543, 10);
INSERT INTO EMBARCACION VALUES ('VLP018', 'Gris',   8.2,  'Outboard',  2024, 96000,  44000, 'L', 14234567, 20);
INSERT INTO EMBARCACION VALUES ('VLP019', 'Azul',   9.8,  'Inboard',   2024, 118000, 56000, 'L', 14567890, 30);
INSERT INTO EMBARCACION VALUES ('VLP020', 'Blanco', 5.0,  'Outboard',  2024, 62000,  28000, 'M', 14876543, 30);
INSERT INTO EMBARCACION VALUES ('VLP021', 'Verde',  16.0, 'Inboard',   2023, 195000, 90000, 'V', 15234567, 50);
INSERT INTO EMBARCACION VALUES ('VLP022', 'Rojo',   24.5, 'Inboard',   2023, 305000, 130000,'Y', 15567890, 40);
INSERT INTO EMBARCACION VALUES ('VLP023', 'Negro',  11.0, 'Outboard',  2023, 132000, 62000, 'K', 15876543, 20);
INSERT INTO EMBARCACION VALUES ('VLP024', 'Blanco', 7.2,  'Outboard',  2023, 84000,  39000, 'L', 16234567, 10);
INSERT INTO EMBARCACION VALUES ('VLP025', 'Azul',   10.5, 'Inboard',   2023, 125000, 58000, 'L', 16567890, 30);
INSERT INTO EMBARCACION VALUES ('VLP026', 'Gris',   6.0,  'Outboard',  2023, 70000,  32000, 'M', 16876543, 30);
INSERT INTO EMBARCACION VALUES ('VLP027', 'Blanco', 14.0, 'Inboard',   2023, 175000, 82000, 'V', 17234567, 50);
INSERT INTO EMBARCACION VALUES ('VLP028', 'Negro',  21.5, 'Inboard',   2023, 268000, 115000,'Y', 17567890, 40);
INSERT INTO EMBARCACION VALUES ('VLP029', 'Rojo',   12.5, 'Outboard',  2023, 152000, 72000, 'K', 17876543, 10);
INSERT INTO EMBARCACION VALUES ('VLP030', 'Verde',  8.8,  'Outboard',  2023, 102000, 48000, 'L', 18234567, 20);

/* === MÁS CLIENTES (+25) === */
INSERT INTO CLIENTE VALUES (15012345, '5', 'Acosta',    'Bustos',    'Andres',    'Felipe',  'Av. Costanera 100, Vina del Mar', 945612345, 322145600, 1900000, TO_DATE('14/05/1986','DD/MM/YYYY'), 1, 'S', 20);
INSERT INTO CLIENTE VALUES (15123456, '8', 'Bermudez',  'Castillo',  'Beatriz',   NULL,      'Calle Marina 200, Concon',        954761123, NULL,      2700000, TO_DATE('22/09/1989','DD/MM/YYYY'), 1, 'P', 10);
INSERT INTO CLIENTE VALUES (15234567, '2', 'Carrillo',  'Diaz',      'Camilo',    'Andres',  'Av. Borgoño 300, Renaca',         967234561, 322145601, 1450000, TO_DATE('11/12/1992','DD/MM/YYYY'), 1, 'N', 30);
INSERT INTO CLIENTE VALUES (15345678, '9', 'Donoso',    'Espinoza',  'Daniela',   'Maria',   'Pje. Las Olas 78, Quintero',      974123564, NULL,      3500000, TO_DATE('30/03/1983','DD/MM/YYYY'), 1, 'P', 40);
INSERT INTO CLIENTE VALUES (15456789, '1', 'Estay',     'Farias',    'Esteban',   NULL,      'Calle Pacifico 432, Vina',        998745631, 322145602, 1850000, TO_DATE('18/07/1990','DD/MM/YYYY'), 1, 'S', 10);
INSERT INTO CLIENTE VALUES (15567890, '4', 'Fuentes',   'Galaz',     'Francisca', 'Estrella','Av. Aleman 100, Vina',            945612378, NULL,      2500000, TO_DATE('04/12/1991','DD/MM/YYYY'), 1, 'N', 50);
INSERT INTO CLIENTE VALUES (15678901, '7', 'Galvez',    'Hidalgo',   'Gonzalo',   'Patricio','Calle Lo Galindo 567, Concepcion',956127890, 412567890, 3200000, TO_DATE('11/05/1986','DD/MM/YYYY'), 4, 'P', 20);
INSERT INTO CLIENTE VALUES (15789012, '3', 'Hernandez', 'Inzunza',   'Helena',    NULL,      'Pje. Pelluhue 432, Pelluhue',     934512678, NULL,      1450000, TO_DATE('27/09/1993','DD/MM/YYYY'), 5, 'E', 30);
INSERT INTO CLIENTE VALUES (15890123, '6', 'Ibarra',    'Jara',      'Ivan',      'Alejandro','Av. del Mar 100, Iquique',       912345671, 572345671, 2700000, TO_DATE('08/01/1984','DD/MM/YYYY'), 6, 'S', 10);
INSERT INTO CLIENTE VALUES (15901234, '0', 'Jorquera',  'Kruger',    'Javiera',   'Antonia', 'Calle Comercio 890, Iquique',     923451672, 572345672, 3100000, TO_DATE('19/04/1987','DD/MM/YYYY'), 6, 'P', 40);
INSERT INTO CLIENTE VALUES (16012345, 'X', 'Kruger',    'Lara',      'Karl',      NULL,      'Av. Las Encinas 100, Osorno',     934567812, NULL,      1700000, TO_DATE('25/08/1990','DD/MM/YYYY'), 3, 'E', 60);
INSERT INTO CLIENTE VALUES (16123456, 'Y', 'Lopez',     'Manriquez', 'Lucia',     'Sofia',   'Calle Eleuterio 200, Puerto Varas',945612379, 642345672, 4200000, TO_DATE('14/02/1981','DD/MM/YYYY'), 3, 'P', 20);
INSERT INTO CLIENTE VALUES (16234567, 'Z', 'Mansilla',  'Nuñez',     'Manuel',    'Jose',    'Av. Vicuña Mackenna 300, Stgo',   956123480, 226789012, 980000,  TO_DATE('01/06/1995','DD/MM/YYYY'), 2, 'N', 10);
INSERT INTO CLIENTE VALUES (16345678, 'W', 'Nuñez',     'Olmedo',    'Natalia',   NULL,      'Calle Apoquindo 567, Las Condes', 967234562, 226789013, 2600000, TO_DATE('22/10/1988','DD/MM/YYYY'), 2, 'S', 50);
INSERT INTO CLIENTE VALUES (16456789, 'V', 'Olmos',     'Palacios',  'Octavio',   'Ramon',   'Av. La Florida 432, Stgo',        998765432, 226789014, 1900000, TO_DATE('07/03/1991','DD/MM/YYYY'), 2, 'P', 20);
INSERT INTO CLIENTE VALUES (16567890, 'U', 'Pacheco',   'Quiroz',    'Paulina',   'Camila',  'Calle Bellavista 234, Stgo',      974123565, 226789015, 3300000, TO_DATE('16/07/1985','DD/MM/YYYY'), 2, 'P', 30);
INSERT INTO CLIENTE VALUES (16678901, 'T', 'Quiroga',   'Riveros',   'Quirino',   NULL,      'Av. Manquehue 567, Stgo',         945612371, 226789016, 1600000, TO_DATE('29/11/1992','DD/MM/YYYY'), 2, 'N', 10);
INSERT INTO CLIENTE VALUES (16789012, 'S', 'Riquelme',  'Sandoval',  'Rebeca',    'Andrea',  'Av. Pajaritos 1234, Maipu',       956127891, 226789017, 2200000, TO_DATE('11/04/1989','DD/MM/YYYY'), 2, 'S', 60);
INSERT INTO CLIENTE VALUES (16890123, 'R', 'Sanchez',   'Toro',      'Sergio',    'Ramon',   'Calle Estado 200, Stgo',          934512679, 226789018, 4800000, TO_DATE('05/08/1980','DD/MM/YYYY'), 2, 'P', 40);
INSERT INTO CLIENTE VALUES (16901234, 'Q', 'Toro',      'Ulloa',     'Tamara',    NULL,      'Calle La Capitania 100, Coquimbo',912345672, 512345672, 1450000, TO_DATE('19/01/1994','DD/MM/YYYY'), 1, 'N', 30);
INSERT INTO CLIENTE VALUES (17012345, '5', 'Ulloa',     'Vega',      'Ulises',    'Hector',  'Av. del Mar 456, La Serena',      923451673, 512345673, 2050000, TO_DATE('27/05/1987','DD/MM/YYYY'), 1, 'S', 10);
INSERT INTO CLIENTE VALUES (17123456, '8', 'Vasquez',   'Wagner',    'Veronica',  'Pamela',  'Calle Almagro 234, Antofagasta',  945672311, 552345672, 3500000, TO_DATE('02/12/1983','DD/MM/YYYY'), 6, 'P', 20);
INSERT INTO CLIENTE VALUES (17234567, '2', 'Wilson',    'Yañez',     'Walter',    NULL,      'Av. Argentina 567, Iquique',      974123566, 572345673, 2900000, TO_DATE('15/09/1988','DD/MM/YYYY'), 6, 'E', 50);
INSERT INTO CLIENTE VALUES (17345678, '6', 'Yunge',     'Zamora',    'Yael',      'Belen',   'Av. del Sol 100, Calama',         998765433, 552345673, 1750000, TO_DATE('24/02/1996','DD/MM/YYYY'), 6, 'N', 30);
INSERT INTO CLIENTE VALUES (17456789, '0', 'Zapata',    'Acuña',     'Zacarias',  'Andres',  'Calle Nueva 200, Talca',          956123481, 712345672, 2400000, TO_DATE('08/06/1986','DD/MM/YYYY'), 4, 'S', 60);

/* === MÁS ARRIENDOS (+30) === */
INSERT INTO ARRIENDO_EMBARCACION VALUES (SEQ_ARRIENDO.NEXTVAL, 'VLP013', 15012345, TO_DATE('05/05/2026','DD/MM/YYYY'), 5, TO_DATE('10/05/2026','DD/MM/YYYY'));
INSERT INTO ARRIENDO_EMBARCACION VALUES (SEQ_ARRIENDO.NEXTVAL, 'VLP014', 15123456, TO_DATE('06/05/2026','DD/MM/YYYY'), 7, TO_DATE('13/05/2026','DD/MM/YYYY'));
INSERT INTO ARRIENDO_EMBARCACION VALUES (SEQ_ARRIENDO.NEXTVAL, 'VLP015', 15234567, TO_DATE('08/05/2026','DD/MM/YYYY'), 3, TO_DATE('11/05/2026','DD/MM/YYYY'));
INSERT INTO ARRIENDO_EMBARCACION VALUES (SEQ_ARRIENDO.NEXTVAL, 'VLP016', 15345678, TO_DATE('09/05/2026','DD/MM/YYYY'), 4, TO_DATE('13/05/2026','DD/MM/YYYY'));
INSERT INTO ARRIENDO_EMBARCACION VALUES (SEQ_ARRIENDO.NEXTVAL, 'VLP017', 15456789, TO_DATE('10/05/2026','DD/MM/YYYY'), 6, TO_DATE('16/05/2026','DD/MM/YYYY'));
INSERT INTO ARRIENDO_EMBARCACION VALUES (SEQ_ARRIENDO.NEXTVAL, 'VLP018', 15567890, TO_DATE('11/05/2026','DD/MM/YYYY'), 2, TO_DATE('13/05/2026','DD/MM/YYYY'));
INSERT INTO ARRIENDO_EMBARCACION VALUES (SEQ_ARRIENDO.NEXTVAL, 'VLP019', 15678901, TO_DATE('12/05/2026','DD/MM/YYYY'), 8, TO_DATE('20/05/2026','DD/MM/YYYY'));
INSERT INTO ARRIENDO_EMBARCACION VALUES (SEQ_ARRIENDO.NEXTVAL, 'VLP020', 15789012, TO_DATE('13/05/2026','DD/MM/YYYY'), 3, TO_DATE('16/05/2026','DD/MM/YYYY'));
INSERT INTO ARRIENDO_EMBARCACION VALUES (SEQ_ARRIENDO.NEXTVAL, 'VLP021', 15890123, TO_DATE('14/05/2026','DD/MM/YYYY'), 5, TO_DATE('19/05/2026','DD/MM/YYYY'));
INSERT INTO ARRIENDO_EMBARCACION VALUES (SEQ_ARRIENDO.NEXTVAL, 'VLP022', 15901234, TO_DATE('15/05/2026','DD/MM/YYYY'), 7, TO_DATE('22/05/2026','DD/MM/YYYY'));
INSERT INTO ARRIENDO_EMBARCACION VALUES (SEQ_ARRIENDO.NEXTVAL, 'VLP023', 16012345, TO_DATE('16/05/2026','DD/MM/YYYY'), 4, TO_DATE('20/05/2026','DD/MM/YYYY'));
INSERT INTO ARRIENDO_EMBARCACION VALUES (SEQ_ARRIENDO.NEXTVAL, 'VLP024', 16123456, TO_DATE('17/05/2026','DD/MM/YYYY'), 2, TO_DATE('19/05/2026','DD/MM/YYYY'));
INSERT INTO ARRIENDO_EMBARCACION VALUES (SEQ_ARRIENDO.NEXTVAL, 'VLP025', 16234567, TO_DATE('18/05/2026','DD/MM/YYYY'), 6, TO_DATE('24/05/2026','DD/MM/YYYY'));
INSERT INTO ARRIENDO_EMBARCACION VALUES (SEQ_ARRIENDO.NEXTVAL, 'VLP026', 16345678, TO_DATE('19/05/2026','DD/MM/YYYY'), 3, TO_DATE('22/05/2026','DD/MM/YYYY'));
INSERT INTO ARRIENDO_EMBARCACION VALUES (SEQ_ARRIENDO.NEXTVAL, 'VLP027', 16456789, TO_DATE('20/05/2026','DD/MM/YYYY'), 9, TO_DATE('29/05/2026','DD/MM/YYYY'));
INSERT INTO ARRIENDO_EMBARCACION VALUES (SEQ_ARRIENDO.NEXTVAL, 'VLP028', 16567890, TO_DATE('21/05/2026','DD/MM/YYYY'), 5, TO_DATE('26/05/2026','DD/MM/YYYY'));
INSERT INTO ARRIENDO_EMBARCACION VALUES (SEQ_ARRIENDO.NEXTVAL, 'VLP029', 16678901, TO_DATE('22/05/2026','DD/MM/YYYY'), 4, TO_DATE('26/05/2026','DD/MM/YYYY'));
INSERT INTO ARRIENDO_EMBARCACION VALUES (SEQ_ARRIENDO.NEXTVAL, 'VLP030', 16789012, TO_DATE('23/05/2026','DD/MM/YYYY'), 3, TO_DATE('26/05/2026','DD/MM/YYYY'));
INSERT INTO ARRIENDO_EMBARCACION VALUES (SEQ_ARRIENDO.NEXTVAL, 'VLP001', 16890123, TO_DATE('24/05/2026','DD/MM/YYYY'), 6, TO_DATE('30/05/2026','DD/MM/YYYY'));
INSERT INTO ARRIENDO_EMBARCACION VALUES (SEQ_ARRIENDO.NEXTVAL, 'VLP003', 16901234, TO_DATE('25/05/2026','DD/MM/YYYY'), 2, TO_DATE('27/05/2026','DD/MM/YYYY'));
INSERT INTO ARRIENDO_EMBARCACION VALUES (SEQ_ARRIENDO.NEXTVAL, 'VLP005', 17012345, TO_DATE('26/05/2026','DD/MM/YYYY'), 7, TO_DATE('02/06/2026','DD/MM/YYYY'));
INSERT INTO ARRIENDO_EMBARCACION VALUES (SEQ_ARRIENDO.NEXTVAL, 'VLP007', 17123456, TO_DATE('27/05/2026','DD/MM/YYYY'), 4, TO_DATE('31/05/2026','DD/MM/YYYY'));
INSERT INTO ARRIENDO_EMBARCACION VALUES (SEQ_ARRIENDO.NEXTVAL, 'VLP009', 17234567, TO_DATE('28/05/2026','DD/MM/YYYY'), 8, TO_DATE('05/06/2026','DD/MM/YYYY'));
INSERT INTO ARRIENDO_EMBARCACION VALUES (SEQ_ARRIENDO.NEXTVAL, 'VLP011', 17345678, TO_DATE('29/05/2026','DD/MM/YYYY'), 3, TO_DATE('01/06/2026','DD/MM/YYYY'));
INSERT INTO ARRIENDO_EMBARCACION VALUES (SEQ_ARRIENDO.NEXTVAL, 'VLP013', 17456789, TO_DATE('30/05/2026','DD/MM/YYYY'), 5, TO_DATE('04/06/2026','DD/MM/YYYY'));
INSERT INTO ARRIENDO_EMBARCACION VALUES (SEQ_ARRIENDO.NEXTVAL, 'VLP015', 15012345, TO_DATE('01/06/2026','DD/MM/YYYY'), 4, TO_DATE('05/06/2026','DD/MM/YYYY'));
INSERT INTO ARRIENDO_EMBARCACION VALUES (SEQ_ARRIENDO.NEXTVAL, 'VLP017', 15123456, TO_DATE('02/06/2026','DD/MM/YYYY'), 6, TO_DATE('08/06/2026','DD/MM/YYYY'));
INSERT INTO ARRIENDO_EMBARCACION VALUES (SEQ_ARRIENDO.NEXTVAL, 'VLP019', 15234567, TO_DATE('03/06/2026','DD/MM/YYYY'), 2, TO_DATE('05/06/2026','DD/MM/YYYY'));
INSERT INTO ARRIENDO_EMBARCACION VALUES (SEQ_ARRIENDO.NEXTVAL, 'VLP021', 15345678, TO_DATE('04/06/2026','DD/MM/YYYY'), 5, TO_DATE('09/06/2026','DD/MM/YYYY'));
INSERT INTO ARRIENDO_EMBARCACION VALUES (SEQ_ARRIENDO.NEXTVAL, 'VLP023', 15456789, TO_DATE('05/06/2026','DD/MM/YYYY'), 3, TO_DATE('08/06/2026','DD/MM/YYYY'));

COMMIT;
